state1,state2,state3,state4,state4,time
0,0,0,0,0,2021/11/19 20:00
1,0,0,0,0,2021/11/19 20:02
1,1,0,0,0,2021/11/19 20:07
0,1,0,0,0,2021/11/19 20:09
1,1,0,0,0,2021/11/19 20:10
2,1,0,0,0,2021/11/19 20:11
1,1,0,0,0,2021/11/19 20:11
2,1,0,0,0,2021/11/19 20:11
1,1,0,0,0,2021/11/19 20:12
2,1,0,0,0,2021/11/19 20:12
1,1,0,0,0,2021/11/19 20:13
2,1,0,0,0,2021/11/19 20:13
1,1,0,0,0,2021/11/19 20:13
2,1,0,0,0,2021/11/19 20:13
1,1,0,0,0,2021/11/19 20:14
2,1,0,0,0,2021/11/19 20:14
1,1,0,0,0,2021/11/19 20:14
2,1,0,0,0,2021/11/19 20:15
1,1,0,0,0,2021/11/19 20:15
2,1,0,0,0,2021/11/19 20:15
1,1,0,0,0,2021/11/19 20:15
2,1,0,0,0,2021/11/19 20:16
1,1,0,0,0,2021/11/19 20:16
2,1,0,0,0,2021/11/19 20:16
1,1,0,0,0,2021/11/19 20:16
2,1,0,0,0,2021/11/19 20:17
1,1,0,0,0,2021/11/19 20:17
2,1,0,0,0,2021/11/19 20:17
1,1,0,0,0,2021/11/19 20:18
2,1,0,0,0,2021/11/19 20:18
1,1,0,0,0,2021/11/19 20:18
2,1,0,0,0,2021/11/19 20:19
1,1,0,0,0,2021/11/19 20:19
2,1,0,0,0,2021/11/19 20:19
1,1,0,0,0,2021/11/19 20:20
2,1,0,0,0,2021/11/19 20:20
1,1,0,0,0,2021/11/19 20:20
2,1,0,0,0,2021/11/19 20:20
1,1,0,0,0,2021/11/19 20:21
2,1,0,0,0,2021/11/19 20:21
1,1,0,0,0,2021/11/19 20:21
2,1,0,0,0,2021/11/19 20:21
1,1,0,0,0,2021/11/19 20:22
2,1,0,0,0,2021/11/19 20:22
1,1,0,0,0,2021/11/19 20:22
2,1,0,0,0,2021/11/19 20:23
1,1,0,0,0,2021/11/19 20:23
2,1,0,0,0,2021/11/19 20:23
1,1,0,0,0,2021/11/19 20:23
2,1,0,0,0,2021/11/19 20:24
1,1,0,0,0,2021/11/19 20:24
2,1,0,0,0,2021/11/19 20:24
1,1,0,0,0,2021/11/19 20:25
2,1,0,0,0,2021/11/19 20:25
1,1,0,0,0,2021/11/19 20:25
2,1,0,0,0,2021/11/19 20:26
1,1,0,0,0,2021/11/19 20:27
2,1,0,0,0,2021/11/19 20:27
1,1,0,0,0,2021/11/19 20:27
2,1,0,0,0,2021/11/19 20:27
1,1,0,0,0,2021/11/19 20:27
2,1,0,0,0,2021/11/19 20:28
1,1,0,0,0,2021/11/19 20:28
2,1,0,0,0,2021/11/19 20:28
1,1,0,0,0,2021/11/19 20:28
2,1,0,0,0,2021/11/19 20:29
1,1,0,0,0,2021/11/19 20:29
2,1,0,0,0,2021/11/19 20:30
1,1,0,0,0,2021/11/19 20:30
2,1,0,0,0,2021/11/19 20:30
1,1,0,0,0,2021/11/19 20:30
2,1,0,0,0,2021/11/19 20:30
1,1,0,0,0,2021/11/19 20:31
2,1,0,0,0,2021/11/19 20:31
1,1,0,0,0,2021/11/19 20:31
2,1,0,0,0,2021/11/19 20:31
1,1,0,0,0,2021/11/19 20:31
2,1,0,0,0,2021/11/19 20:32
1,1,0,0,0,2021/11/19 20:32
2,1,0,0,0,2021/11/19 20:32
1,1,0,0,0,2021/11/19 20:32
2,1,0,0,0,2021/11/19 20:33
1,1,0,0,0,2021/11/19 20:33
2,1,0,0,0,2021/11/19 20:33
1,1,0,0,0,2021/11/19 20:33
2,1,0,0,0,2021/11/19 20:34
1,1,0,0,0,2021/11/19 20:34
2,1,0,0,0,2021/11/19 20:34
1,1,0,0,0,2021/11/19 20:34
2,1,0,0,0,2021/11/19 20:35
1,1,0,0,0,2021/11/19 20:36
2,1,0,0,0,2021/11/19 20:36
1,1,0,0,0,2021/11/19 20:36
2,1,0,0,0,2021/11/19 20:37
1,1,0,0,0,2021/11/19 20:37
2,1,0,0,0,2021/11/19 20:37
1,1,0,0,0,2021/11/19 20:37
2,1,0,0,0,2021/11/19 20:37
1,1,0,0,0,2021/11/19 20:38
2,1,0,0,0,2021/11/19 20:38
1,1,0,0,0,2021/11/19 20:38
2,1,0,0,0,2021/11/19 20:39
1,1,0,0,0,2021/11/19 20:39
2,1,0,0,0,2021/11/19 20:39
1,1,0,0,0,2021/11/19 20:39
2,1,0,0,0,2021/11/19 20:40
1,1,0,0,0,2021/11/19 20:40
2,1,0,0,0,2021/11/19 20:40
1,1,0,0,0,2021/11/19 20:40
2,1,0,0,0,2021/11/19 20:41
1,1,0,0,0,2021/11/19 20:41
2,1,0,0,0,2021/11/19 20:41
1,1,0,0,0,2021/11/19 20:41
2,1,0,0,0,2021/11/19 20:42
1,1,0,0,0,2021/11/19 20:42
2,1,0,0,0,2021/11/19 20:43
1,1,0,0,0,2021/11/19 20:43
2,1,0,0,0,2021/11/19 20:43
1,1,0,0,0,2021/11/19 20:43
2,1,0,0,0,2021/11/19 20:44
1,1,0,0,0,2021/11/19 20:44
2,1,0,0,0,2021/11/19 20:44
1,1,0,0,0,2021/11/19 20:45
2,1,0,0,0,2021/11/19 20:45
1,1,0,0,0,2021/11/19 20:45
2,1,0,0,0,2021/11/19 20:45
1,1,0,0,0,2021/11/19 20:46
2,1,0,0,0,2021/11/19 20:46
1,1,0,0,0,2021/11/19 20:47
2,1,0,0,0,2021/11/19 20:47
1,1,0,0,0,2021/11/19 20:48
2,1,0,0,0,2021/11/19 20:48
2,0,0,0,0,2021/11/19 20:48
1,0,0,0,0,2021/11/19 20:48
2,0,0,0,0,2021/11/19 20:49
1,0,0,0,0,2021/11/19 20:49
2,0,0,0,0,2021/11/19 20:49
1,0,0,0,0,2021/11/19 20:50
1,1,0,0,0,2021/11/19 20:53
1,0,0,0,0,2021/11/19 20:54
1,1,0,0,0,2021/11/19 20:54
2,1,0,0,0,2021/11/19 20:54
2,0,0,0,0,2021/11/19 20:54
1,0,0,0,0,2021/11/19 20:55
2,0,0,0,0,2021/11/19 20:55
3,0,0,0,0,2021/11/19 20:55
1,0,0,0,0,2021/11/19 20:58
1,1,0,0,0,2021/11/19 21:03
1,0,0,0,0,2021/11/19 21:05
2,0,0,0,0,2021/11/19 21:05
1,0,0,0,0,2021/11/19 21:07
2,0,0,0,0,2021/11/19 21:08
1,0,0,0,0,2021/11/19 21:09
1,1,0,0,0,2021/11/19 21:09
2,1,0,0,0,2021/11/19 21:10
1,1,0,0,0,2021/11/19 21:10
2,1,0,0,0,2021/11/19 21:11
1,1,0,0,0,2021/11/19 21:11
2,1,0,0,0,2021/11/19 21:11
1,1,0,0,0,2021/11/19 21:11
2,1,0,0,0,2021/11/19 21:12
1,1,0,0,0,2021/11/19 21:12
2,1,0,0,0,2021/11/19 21:13
1,1,0,0,0,2021/11/19 21:13
2,1,0,0,0,2021/11/19 21:13
1,1,0,0,0,2021/11/19 21:22
2,1,0,0,0,2021/11/19 21:22
2,0,0,0,0,2021/11/19 21:23
1,0,0,0,0,2021/11/19 21:26
2,0,0,0,0,2021/11/19 21:27
1,0,0,0,0,2021/11/19 21:27
1,1,0,0,0,2021/11/19 21:28
2,1,0,0,0,2021/11/19 21:29
1,1,0,0,0,2021/11/19 21:29
2,1,0,0,0,2021/11/19 21:30
1,1,0,0,0,2021/11/19 21:30
1,1,1,0,0,2021/11/19 21:30
2,1,1,0,0,2021/11/19 21:30
1,1,1,0,0,2021/11/19 21:30
2,1,1,0,0,2021/11/19 21:30
1,1,1,0,0,2021/11/19 21:31
1,1,0,0,0,2021/11/19 21:31
2,1,0,0,0,2021/11/19 21:31
1,1,0,0,0,2021/11/19 21:31
2,1,0,0,0,2021/11/19 21:32
1,1,0,0,0,2021/11/19 21:32
2,1,0,0,0,2021/11/19 21:32
1,1,0,0,0,2021/11/19 21:33
2,1,0,0,0,2021/11/19 21:33
1,1,0,0,0,2021/11/19 21:33
2,1,0,0,0,2021/11/19 21:33
1,1,0,0,0,2021/11/19 21:33
2,1,0,0,0,2021/11/19 21:34
1,1,0,0,0,2021/11/19 21:34
2,1,0,0,0,2021/11/19 21:35
1,1,0,0,0,2021/11/19 21:35
2,1,0,0,0,2021/11/19 21:35
1,1,0,0,0,2021/11/19 21:36
2,1,0,0,0,2021/11/19 21:36
1,1,0,0,0,2021/11/19 21:37
2,1,0,0,0,2021/11/19 21:37
1,1,0,0,0,2021/11/19 21:37
2,1,0,0,0,2021/11/19 21:38
1,1,0,0,0,2021/11/19 21:38
2,1,0,0,0,2021/11/19 21:38
1,1,0,0,0,2021/11/19 21:40
2,1,0,0,0,2021/11/19 21:40
1,1,0,0,0,2021/11/19 21:40
2,1,0,0,0,2021/11/19 21:41
1,1,0,0,0,2021/11/19 21:41
2,1,0,0,0,2021/11/19 21:41
1,1,0,0,0,2021/11/19 21:42
2,1,0,0,0,2021/11/19 21:42
1,1,0,0,0,2021/11/19 21:43
2,1,0,0,0,2021/11/19 21:43
1,1,0,0,0,2021/11/19 21:43
2,1,0,0,0,2021/11/19 21:43
1,1,0,0,0,2021/11/19 21:43
2,1,0,0,0,2021/11/19 21:44
1,1,0,0,0,2021/11/19 21:44
2,1,0,0,0,2021/11/19 21:44
1,1,0,0,0,2021/11/19 21:44
2,1,0,0,0,2021/11/19 21:45
1,1,0,0,0,2021/11/19 21:45
2,1,0,0,0,2021/11/19 21:45
1,1,0,0,0,2021/11/19 21:45
2,1,0,0,0,2021/11/19 21:46
1,1,0,0,0,2021/11/19 21:46
2,1,0,0,0,2021/11/19 21:46
1,1,0,0,0,2021/11/19 21:46
2,1,0,0,0,2021/11/19 21:47
1,1,0,0,0,2021/11/19 21:47
2,1,0,0,0,2021/11/19 21:47
1,1,0,0,0,2021/11/19 21:47
2,1,0,0,0,2021/11/19 21:48
1,1,0,0,0,2021/11/19 21:48
2,1,0,0,0,2021/11/19 21:48
1,1,0,0,0,2021/11/19 21:48
2,1,0,0,0,2021/11/19 21:48
1,1,0,0,0,2021/11/19 21:49
2,1,0,0,0,2021/11/19 21:49
1,1,0,0,0,2021/11/19 21:49
2,1,0,0,0,2021/11/19 21:49
1,1,0,0,0,2021/11/19 21:49
2,1,0,0,0,2021/11/19 21:50
1,1,0,0,0,2021/11/19 21:50
1,0,0,0,0,2021/11/19 21:50
2,0,0,0,0,2021/11/19 21:51
1,0,0,0,0,2021/11/19 21:51
2,0,0,0,0,2021/11/19 21:51
1,0,0,0,0,2021/11/19 21:51
1,1,0,0,0,2021/11/19 21:52
1,0,0,0,0,2021/11/19 21:53
3,0,0,0,0,2021/11/19 21:53
1,0,0,0,0,2021/11/19 21:56
1,1,0,0,0,2021/11/19 21:57
2,1,0,0,0,2021/11/19 21:58
1,1,0,0,0,2021/11/19 21:58
2,1,0,0,0,2021/11/19 21:58
1,1,0,0,0,2021/11/19 21:58
2,1,0,0,0,2021/11/19 21:59
1,1,0,0,0,2021/11/19 21:59
2,1,0,0,0,2021/11/19 21:59
1,1,0,0,0,2021/11/19 22:00
2,1,0,0,0,2021/11/19 22:00
1,1,0,0,0,2021/11/19 22:00
2,1,0,0,0,2021/11/19 22:00
1,1,0,0,0,2021/11/19 22:01
2,1,0,0,0,2021/11/19 22:01
1,1,0,0,0,2021/11/19 22:01
2,1,0,0,0,2021/11/19 22:01
1,1,0,0,0,2021/11/19 22:02
2,1,0,0,0,2021/11/19 22:02
1,1,0,0,0,2021/11/19 22:02
2,1,0,0,0,2021/11/19 22:03
1,1,0,0,0,2021/11/19 22:03
2,1,0,0,0,2021/11/19 22:03
1,1,0,0,0,2021/11/19 22:04
2,1,0,0,0,2021/11/19 22:04
1,1,0,0,0,2021/11/19 22:04
2,1,0,0,0,2021/11/19 22:04
1,1,0,0,0,2021/11/19 22:05
2,1,0,0,0,2021/11/19 22:05
1,1,0,0,0,2021/11/19 22:05
2,1,0,0,0,2021/11/19 22:06
1,1,0,0,0,2021/11/19 22:07
2,1,0,0,0,2021/11/19 22:07
1,1,0,0,0,2021/11/19 22:07
2,1,0,0,0,2021/11/19 22:08
2,0,0,0,0,2021/11/19 22:08
1,0,0,0,0,2021/11/19 22:08
2,0,0,0,0,2021/11/19 22:08
1,0,0,0,0,2021/11/19 22:10
2,0,0,0,0,2021/11/19 22:10
3,0,0,0,0,2021/11/19 22:11
1,0,0,0,0,2021/11/19 22:15
1,1,0,0,0,2021/11/19 22:15
2,1,0,0,0,2021/11/19 22:17
1,1,0,0,0,2021/11/19 22:17
2,1,0,0,0,2021/11/19 22:17
1,1,0,0,0,2021/11/19 22:17
2,1,0,0,0,2021/11/19 22:18
1,1,0,0,0,2021/11/19 22:18
2,1,0,0,0,2021/11/19 22:18
1,1,0,0,0,2021/11/19 22:18
2,1,0,0,0,2021/11/19 22:18
1,1,0,0,0,2021/11/19 22:19
2,1,0,0,0,2021/11/19 22:19
1,1,0,0,0,2021/11/19 22:19
2,1,0,0,0,2021/11/19 22:19
1,1,0,0,0,2021/11/19 22:19
2,1,0,0,0,2021/11/19 22:20
1,1,0,0,0,2021/11/19 22:20
2,1,0,0,0,2021/11/19 22:20
1,1,0,0,0,2021/11/19 22:20
2,1,0,0,0,2021/11/19 22:21
1,1,0,0,0,2021/11/19 22:21
2,1,0,0,0,2021/11/19 22:21
1,1,0,0,0,2021/11/19 22:21
2,1,0,0,0,2021/11/19 22:21
1,1,0,0,0,2021/11/19 22:21
2,1,0,0,0,2021/11/19 22:22
1,1,0,0,0,2021/11/19 22:22
2,1,0,0,0,2021/11/19 22:22
1,1,0,0,0,2021/11/19 22:22
2,1,0,0,0,2021/11/19 22:23
1,1,0,0,0,2021/11/19 22:23
2,1,0,0,0,2021/11/19 22:23
1,1,0,0,0,2021/11/19 22:23
2,1,0,0,0,2021/11/19 22:23
1,1,0,0,0,2021/11/19 22:24
2,1,0,0,0,2021/11/19 22:24
3,1,0,0,0,2021/11/19 22:24
1,1,0,0,0,2021/11/19 22:25
2,1,0,0,0,2021/11/19 22:25
3,1,0,0,0,2021/11/19 22:25
1,1,0,0,0,2021/11/19 22:25
3,1,0,0,0,2021/11/19 22:26
1,1,0,0,0,2021/11/19 22:26
3,1,0,0,0,2021/11/19 22:27
1,1,0,0,0,2021/11/19 22:27
3,1,0,0,0,2021/11/19 22:28
1,1,0,0,0,2021/11/19 22:29
3,1,0,0,0,2021/11/19 22:29
1,1,0,0,0,2021/11/19 22:30
2,1,0,0,0,2021/11/19 22:30
3,1,0,0,0,2021/11/19 22:30
1,1,0,0,0,2021/11/19 22:31
3,1,0,0,0,2021/11/19 22:31
3,0,0,0,0,2021/11/19 22:31
3,1,0,0,0,2021/11/19 22:31
1,1,0,0,0,2021/11/19 23:35
3,1,0,0,0,2021/11/19 23:35
3,0,0,0,0,2021/11/19 23:35
3,1,0,0,0,2021/11/19 23:35
1,1,0,0,0,2021/11/19 23:36
1,0,0,0,0,2021/11/19 23:36
2,0,0,0,0,2021/11/19 23:36
1,0,0,0,0,2021/11/19 23:44
2,0,0,0,0,2021/11/19 23:44
1,0,0,0,0,2021/11/19 23:45
0,0,0,0,0,2021/11/19 23:47
1,0,0,0,0,2021/11/19 23:48
1,1,0,0,0,2021/11/19 23:49
2,1,0,0,0,2021/11/19 23:51
1,1,0,0,0,2021/11/19 23:51
2,1,0,0,0,2021/11/19 23:51
1,0,0,0,0,2021/11/19 23:52
1,1,0,0,0,2021/11/19 23:52
2,1,0,0,0,2021/11/19 23:52
1,1,0,0,0,2021/11/19 23:52
2,1,0,0,0,2021/11/19 23:53
1,1,0,0,0,2021/11/19 23:53
2,1,0,0,0,2021/11/19 23:54
1,1,0,0,0,2021/11/19 23:54
2,1,0,0,0,2021/11/19 23:54
1,1,0,0,0,2021/11/19 23:55
3,1,0,0,0,2021/11/19 23:55
1,1,0,0,0,2021/11/19 23:56
3,1,0,0,0,2021/11/19 23:56
3,0,0,0,0,2021/11/19 23:56
1,0,0,0,0,2021/11/19 23:57
3,0,0,0,0,2021/11/19 23:57
1,0,0,0,0,2021/11/19 23:57
3,0,0,0,0,2021/11/19 23:58
1,0,0,0,0,2021/11/19 23:58
1,1,0,0,0,2021/11/19 23:58
1,0,0,0,0,2021/11/19 23:59
1,1,0,0,0,2021/11/19 23:59
1,0,0,0,0,2021/11/20 0:00
3,0,0,0,0,2021/11/20 0:01
1,0,0,0,0,2021/11/20 0:04
1,1,0,0,0,2021/11/20 0:05
2,1,0,0,0,2021/11/20 0:06
1,1,0,0,0,2021/11/20 0:07
2,1,0,0,0,2021/11/20 0:07
1,1,0,0,0,2021/11/20 0:08
2,1,0,0,0,2021/11/20 0:08
1,1,0,0,0,2021/11/20 0:08
2,1,0,0,0,2021/11/20 0:08
1,1,0,0,0,2021/11/20 0:09
0,1,0,0,0,2021/11/20 0:09
1,1,0,0,0,2021/11/20 0:09
1,0,0,0,0,2021/11/20 0:10
2,0,0,0,0,2021/11/20 0:10
3,0,0,0,0,2021/11/20 0:12
1,0,0,0,0,2021/11/20 0:18
1,1,0,0,0,2021/11/20 0:26
2,1,0,0,0,2021/11/20 0:28
1,1,0,0,0,2021/11/20 0:28
2,1,0,0,0,2021/11/20 0:28
1,1,0,0,0,2021/11/20 0:28
2,1,0,0,0,2021/11/20 0:29
1,1,0,0,0,2021/11/20 0:29
2,1,0,0,0,2021/11/20 0:29
1,1,0,0,0,2021/11/20 0:29
2,1,0,0,0,2021/11/20 0:30
1,1,0,0,0,2021/11/20 0:30
2,1,0,0,0,2021/11/20 0:31
1,1,0,0,0,2021/11/20 0:31
2,1,0,0,0,2021/11/20 0:31
1,1,0,0,0,2021/11/20 0:32
2,1,0,0,0,2021/11/20 0:32
1,1,0,0,0,2021/11/20 0:32
2,1,0,0,0,2021/11/20 0:33
1,1,0,0,0,2021/11/20 0:34
2,1,0,0,0,2021/11/20 0:34
1,1,0,0,0,2021/11/20 0:34
1,0,0,0,0,2021/11/20 0:34
2,0,0,0,0,2021/11/20 0:34
1,0,0,0,0,2021/11/20 0:34
2,0,0,0,0,2021/11/20 0:35
1,0,0,0,0,2021/11/20 0:35
1,1,0,0,0,2021/11/20 0:38
2,1,0,0,0,2021/11/20 0:39
1,0,0,0,0,2021/11/20 0:40
2,0,0,0,0,2021/11/20 0:40
1,0,0,0,0,2021/11/20 0:40
2,0,0,0,0,2021/11/20 0:40
1,0,0,0,0,2021/11/20 0:41
3,0,0,0,0,2021/11/20 0:41
3,1,0,0,0,2021/11/20 0:41
1,1,0,0,0,2021/11/20 0:41
2,1,0,0,0,2021/11/20 0:43
1,1,0,0,0,2021/11/20 0:43
2,1,0,0,0,2021/11/20 0:44
1,1,0,0,0,2021/11/20 0:44
2,1,0,0,0,2021/11/20 0:44
1,1,0,0,0,2021/11/20 0:44
2,1,0,0,0,2021/11/20 0:45
1,1,0,0,0,2021/11/20 0:45
2,1,0,0,0,2021/11/20 0:45
1,1,0,0,0,2021/11/20 0:45
2,1,0,0,0,2021/11/20 0:46
1,1,0,0,0,2021/11/20 0:46
2,1,0,0,0,2021/11/20 0:47
1,1,0,0,0,2021/11/20 0:47
2,1,0,0,0,2021/11/20 0:47
1,1,0,0,0,2021/11/20 0:47
2,1,0,0,0,2021/11/20 0:48
1,1,0,0,0,2021/11/20 0:48
2,1,0,0,0,2021/11/20 0:48
1,1,0,0,0,2021/11/20 0:49
2,1,0,0,0,2021/11/20 0:49
1,1,0,0,0,2021/11/20 0:49
2,1,0,0,0,2021/11/20 0:50
2,0,0,0,0,2021/11/20 0:50
1,0,0,0,0,2021/11/20 0:51
2,0,0,0,0,2021/11/20 0:51
3,0,0,0,0,2021/11/20 0:51
0,0,0,0,0,2021/11/20 0:55
1,0,0,0,0,2021/11/20 0:56
3,0,0,0,0,2021/11/20 0:56
1,0,0,0,0,2021/11/20 0:59
1,1,0,0,0,2021/11/20 1:00
2,1,0,0,0,2021/11/20 1:02
1,1,0,0,0,2021/11/20 1:02
2,1,0,0,0,2021/11/20 1:03
1,1,0,0,0,2021/11/20 1:03
2,1,0,0,0,2021/11/20 1:03
1,1,0,0,0,2021/11/20 1:03
2,1,0,0,0,2021/11/20 1:04
3,0,0,0,0,2021/11/20 1:04
1,0,0,0,0,2021/11/20 1:04
2,0,0,0,0,2021/11/20 1:04
2,1,0,0,0,2021/11/20 1:04
1,1,0,0,0,2021/11/20 1:04
2,1,0,0,0,2021/11/20 1:05
1,0,0,0,0,2021/11/20 1:05
2,0,0,0,0,2021/11/20 1:05
3,0,0,0,0,2021/11/20 1:05
1,0,0,0,0,2021/11/20 1:14
1,1,0,0,0,2021/11/20 1:14
2,1,0,0,0,2021/11/20 1:16
1,1,0,0,0,2021/11/20 1:16
2,1,0,0,0,2021/11/20 1:17
1,1,0,0,0,2021/11/20 1:17
2,1,0,0,0,2021/11/20 1:17
1,1,0,0,0,2021/11/20 1:17
2,1,0,0,0,2021/11/20 1:17
1,1,0,0,0,2021/11/20 1:18
2,1,0,0,0,2021/11/20 1:18
1,1,0,0,0,2021/11/20 1:18
2,1,0,0,0,2021/11/20 1:18
1,1,0,0,0,2021/11/20 1:19
2,1,0,0,0,2021/11/20 1:19
1,1,0,0,0,2021/11/20 1:19
2,1,0,0,0,2021/11/20 1:20
1,1,0,0,0,2021/11/20 1:20
2,1,0,0,0,2021/11/20 1:20
1,1,0,0,0,2021/11/20 1:20
2,1,0,0,0,2021/11/20 1:21
1,1,0,0,0,2021/11/20 1:21
2,1,0,0,0,2021/11/20 1:21
1,1,0,0,0,2021/11/20 1:22
2,1,0,0,0,2021/11/20 1:22
1,1,0,0,0,2021/11/20 1:22
2,1,0,0,0,2021/11/20 1:23
1,1,0,0,0,2021/11/20 1:23
2,1,0,0,0,2021/11/20 1:23
1,1,0,0,0,2021/11/20 1:23
2,1,0,0,0,2021/11/20 1:24
1,1,0,0,0,2021/11/20 1:24
2,1,0,0,0,2021/11/20 1:24
1,1,0,0,0,2021/11/20 1:24
2,1,0,0,0,2021/11/20 1:25
3,1,0,0,0,2021/11/20 1:25
1,1,0,0,0,2021/11/20 1:33
3,1,0,0,0,2021/11/20 1:33
1,0,0,0,0,2021/11/20 1:33
1,1,0,0,0,2021/11/20 1:34
3,1,0,0,0,2021/11/20 1:34
1,1,0,0,0,2021/11/20 1:34
1,0,0,0,0,2021/11/20 1:35
1,1,0,0,0,2021/11/20 1:35
2,1,0,0,0,2021/11/20 1:35
1,1,0,0,0,2021/11/20 1:35
2,1,0,0,0,2021/11/20 1:35
1,1,0,0,0,2021/11/20 1:36
2,1,0,0,0,2021/11/20 1:36
1,1,0,0,0,2021/11/20 1:36
2,1,0,0,0,2021/11/20 1:36
2,0,0,0,0,2021/11/20 1:37
2,1,0,0,0,2021/11/20 1:37
1,1,0,0,0,2021/11/20 1:37
2,1,0,0,0,2021/11/20 1:37
1,1,0,0,0,2021/11/20 1:37
2,1,0,0,0,2021/11/20 1:38
1,1,0,0,0,2021/11/20 1:38
2,1,0,0,0,2021/11/20 1:38
1,1,0,0,0,2021/11/20 1:38
2,1,0,0,0,2021/11/20 1:39
1,1,0,0,0,2021/11/20 1:39
2,1,0,0,0,2021/11/20 1:39
1,1,0,0,0,2021/11/20 1:40
2,1,0,0,0,2021/11/20 1:40
1,1,0,0,0,2021/11/20 1:40
2,1,0,0,0,2021/11/20 1:41
1,1,0,0,0,2021/11/20 1:41
2,1,0,0,0,2021/11/20 1:41
1,1,0,0,0,2021/11/20 1:42
2,1,0,0,0,2021/11/20 1:42
1,1,0,0,0,2021/11/20 1:42
2,1,0,0,0,2021/11/20 1:42
2,0,0,0,0,2021/11/20 1:43
1,0,0,0,0,2021/11/20 1:43
2,0,0,0,0,2021/11/20 1:43
3,0,0,0,0,2021/11/20 1:43
1,0,0,0,0,2021/11/20 1:45
3,0,0,0,0,2021/11/20 1:45
1,1,0,0,0,2021/11/20 1:52
2,1,0,0,0,2021/11/20 1:53
1,1,0,0,0,2021/11/20 1:53
2,1,0,0,0,2021/11/20 1:54
1,1,0,0,0,2021/11/20 1:54
2,1,0,0,0,2021/11/20 1:54
1,1,0,0,0,2021/11/20 1:54
2,1,0,0,0,2021/11/20 1:55
1,1,0,0,0,2021/11/20 1:55
2,1,0,0,0,2021/11/20 1:55
1,1,0,0,0,2021/11/20 1:55
2,1,0,0,0,2021/11/20 1:56
1,1,0,0,0,2021/11/20 1:56
2,1,0,0,0,2021/11/20 1:56
1,1,0,0,0,2021/11/20 1:56
2,1,0,0,0,2021/11/20 1:57
1,1,0,0,0,2021/11/20 1:57
2,1,0,0,0,2021/11/20 1:57
1,1,0,0,0,2021/11/20 1:57
2,1,0,0,0,2021/11/20 1:58
1,1,0,0,0,2021/11/20 1:58
2,1,0,0,0,2021/11/20 1:59
1,1,0,0,0,2021/11/20 1:59
2,1,0,0,0,2021/11/20 1:59
2,0,0,0,0,2021/11/20 1:59
1,0,0,0,0,2021/11/20 1:59
2,0,0,0,0,2021/11/20 2:00
1,0,0,0,0,2021/11/20 2:00
2,0,0,0,0,2021/11/20 2:01
1,0,0,0,0,2021/11/20 2:01
1,1,0,0,0,2021/11/20 2:01
2,1,0,0,0,2021/11/20 2:03
1,1,0,0,0,2021/11/20 2:03
2,1,0,0,0,2021/11/20 2:04
1,1,0,0,0,2021/11/20 2:04
2,1,0,0,0,2021/11/20 2:04
1,1,0,0,0,2021/11/20 2:05
2,1,0,0,0,2021/11/20 2:06
1,1,0,0,0,2021/11/20 2:06
2,1,0,0,0,2021/11/20 2:06
1,1,0,0,0,2021/11/20 2:06
2,1,0,0,0,2021/11/20 2:07
1,1,0,0,0,2021/11/20 2:07
2,1,0,0,0,2021/11/20 2:07
1,1,0,0,0,2021/11/20 2:08
2,1,0,0,0,2021/11/20 2:08
2,0,0,0,0,2021/11/20 2:08
1,0,0,0,0,2021/11/20 2:08
2,0,0,0,0,2021/11/20 2:08
1,0,0,0,0,2021/11/20 2:09
3,0,0,0,0,2021/11/20 2:09
3,1,0,0,0,2021/11/20 2:10
1,1,0,0,0,2021/11/20 2:11
2,1,0,0,0,2021/11/20 2:13
1,1,0,0,0,2021/11/20 2:13
2,1,0,0,0,2021/11/20 2:13
1,1,0,0,0,2021/11/20 2:13
2,1,0,0,0,2021/11/20 2:14
1,1,0,0,0,2021/11/20 2:15
2,1,0,0,0,2021/11/20 2:15
1,1,0,0,0,2021/11/20 2:15
2,1,0,0,0,2021/11/20 2:16
1,1,0,0,0,2021/11/20 2:16
2,1,0,0,0,2021/11/20 2:17
1,1,0,0,0,2021/11/20 2:17
2,1,0,0,0,2021/11/20 2:17
1,1,0,0,0,2021/11/20 2:18
2,1,0,0,0,2021/11/20 2:18
1,1,0,0,0,2021/11/20 2:19
2,1,0,0,0,2021/11/20 2:19
1,1,0,0,0,2021/11/20 2:19
2,1,0,0,0,2021/11/20 2:19
1,1,0,0,0,2021/11/20 2:20
2,1,0,0,0,2021/11/20 2:20
2,0,0,0,0,2021/11/20 2:20
1,0,0,0,0,2021/11/20 2:20
2,0,0,0,0,2021/11/20 2:21
3,0,0,0,0,2021/11/20 2:21
3,1,0,0,0,2021/11/20 2:22
1,1,0,0,0,2021/11/20 2:22
2,1,0,0,0,2021/11/20 2:24
1,1,0,0,0,2021/11/20 2:24
2,1,0,0,0,2021/11/20 2:24
1,1,0,0,0,2021/11/20 2:24
2,1,0,0,0,2021/11/20 2:25
1,1,0,0,0,2021/11/20 2:25
2,1,0,0,0,2021/11/20 2:25
1,1,0,0,0,2021/11/20 2:25
2,1,0,0,0,2021/11/20 2:26
1,1,0,0,0,2021/11/20 2:26
2,1,0,0,0,2021/11/20 2:26
1,1,0,0,0,2021/11/20 2:26
2,1,0,0,0,2021/11/20 2:27
1,1,0,0,0,2021/11/20 2:27
2,1,0,0,0,2021/11/20 2:27
1,1,0,0,0,2021/11/20 2:27
2,1,0,0,0,2021/11/20 2:28
1,1,0,0,0,2021/11/20 2:28
2,1,0,0,0,2021/11/20 2:28
1,1,0,0,0,2021/11/20 2:29
2,1,0,0,0,2021/11/20 2:29
1,1,0,0,0,2021/11/20 2:30
2,1,0,0,0,2021/11/20 2:30
1,1,0,0,0,2021/11/20 2:31
2,1,0,0,0,2021/11/20 2:31
1,1,0,0,0,2021/11/20 2:32
2,1,0,0,0,2021/11/20 2:32
1,1,0,0,0,2021/11/20 2:32
2,1,0,0,0,2021/11/20 2:33
1,1,0,0,0,2021/11/20 2:34
2,1,0,0,0,2021/11/20 2:34
1,1,0,0,0,2021/11/20 2:36
2,1,0,0,0,2021/11/20 2:36
1,1,0,0,0,2021/11/20 2:36
2,1,0,0,0,2021/11/20 2:36
1,1,0,0,0,2021/11/20 2:37
2,1,0,0,0,2021/11/20 2:37
1,1,0,0,0,2021/11/20 2:38
2,1,0,0,0,2021/11/20 2:39
1,1,0,0,0,2021/11/20 2:39
2,1,0,0,0,2021/11/20 2:40
1,1,0,0,0,2021/11/20 2:40
2,1,0,0,0,2021/11/20 2:40
1,1,0,0,0,2021/11/20 2:41
2,1,0,0,0,2021/11/20 2:41
1,1,0,0,0,2021/11/20 2:42
2,1,0,0,0,2021/11/20 2:42
1,1,0,0,0,2021/11/20 2:42
2,1,0,0,0,2021/11/20 2:43
1,1,0,0,0,2021/11/20 2:43
2,1,0,0,0,2021/11/20 2:43
1,1,0,0,0,2021/11/20 2:44
2,1,0,0,0,2021/11/20 2:44
1,1,0,0,0,2021/11/20 2:44
2,1,0,0,0,2021/11/20 2:45
1,1,0,0,0,2021/11/20 2:46
2,1,0,0,0,2021/11/20 2:46
1,1,0,0,0,2021/11/20 2:47
2,1,0,0,0,2021/11/20 2:47
1,1,0,0,0,2021/11/20 2:48
2,1,0,0,0,2021/11/20 2:49
1,1,0,0,0,2021/11/20 2:50
2,1,0,0,0,2021/11/20 2:51
1,1,0,0,0,2021/11/20 2:51
2,1,0,0,0,2021/11/20 2:51
1,1,0,0,0,2021/11/20 2:52
2,1,0,0,0,2021/11/20 2:52
1,1,0,0,0,2021/11/20 2:53
2,1,0,0,0,2021/11/20 2:53
1,1,0,0,0,2021/11/20 2:53
2,1,0,0,0,2021/11/20 2:54
3,1,0,0,0,2021/11/20 2:54
1,1,0,0,0,2021/11/20 2:54
2,1,0,0,0,2021/11/20 2:55
1,1,0,0,0,2021/11/20 2:55
2,1,0,0,0,2021/11/20 2:55
1,1,0,0,0,2021/11/20 2:56
2,1,0,0,0,2021/11/20 2:56
1,1,0,0,0,2021/11/20 2:56
2,1,0,0,0,2021/11/20 2:57
1,1,0,0,0,2021/11/20 2:57
2,1,0,0,0,2021/11/20 2:57
1,1,0,0,0,2021/11/20 2:58
2,1,0,0,0,2021/11/20 2:58
1,1,0,0,0,2021/11/20 2:59
2,1,0,0,0,2021/11/20 2:59
1,1,0,0,0,2021/11/20 3:02
2,1,0,0,0,2021/11/20 3:02
1,1,0,0,0,2021/11/20 3:04
2,1,0,0,0,2021/11/20 3:04
1,1,0,0,0,2021/11/20 3:05
2,1,0,0,0,2021/11/20 3:05
1,1,0,0,0,2021/11/20 3:05
2,1,0,0,0,2021/11/20 3:06
1,1,0,0,0,2021/11/20 3:06
2,1,0,0,0,2021/11/20 3:06
1,1,0,0,0,2021/11/20 3:07
2,1,0,0,0,2021/11/20 3:07
1,1,0,0,0,2021/11/20 3:07
2,1,0,0,0,2021/11/20 3:08
1,1,0,0,0,2021/11/20 3:08
2,1,0,0,0,2021/11/20 3:08
1,1,0,0,0,2021/11/20 3:09
2,1,0,0,0,2021/11/20 3:09
1,1,0,0,0,2021/11/20 3:09
2,1,0,0,0,2021/11/20 3:10
1,1,0,0,0,2021/11/20 3:10
2,1,0,0,0,2021/11/20 3:10
1,1,0,0,0,2021/11/20 3:10
2,1,0,0,0,2021/11/20 3:11
1,1,0,0,0,2021/11/20 3:11
2,1,0,0,0,2021/11/20 3:11
1,1,0,0,0,2021/11/20 3:12
2,1,0,0,0,2021/11/20 3:12
1,1,0,0,0,2021/11/20 3:12
2,1,0,0,0,2021/11/20 3:12
1,1,0,0,0,2021/11/20 3:13
2,1,0,0,0,2021/11/20 3:13
1,1,0,0,0,2021/11/20 3:13
2,1,0,0,0,2021/11/20 3:14
1,1,0,0,0,2021/11/20 3:14
2,1,0,0,0,2021/11/20 3:15
1,1,0,0,0,2021/11/20 3:15
2,1,0,0,0,2021/11/20 3:15
1,1,0,0,0,2021/11/20 3:16
2,1,0,0,0,2021/11/20 3:16
1,1,0,0,0,2021/11/20 3:16
2,1,0,0,0,2021/11/20 3:17
1,1,0,0,0,2021/11/20 3:17
2,1,0,0,0,2021/11/20 3:18
1,1,0,0,0,2021/11/20 3:18
2,1,0,0,0,2021/11/20 3:18
1,1,0,0,0,2021/11/20 3:18
2,1,0,0,0,2021/11/20 3:19
1,1,0,0,0,2021/11/20 3:19
2,1,0,0,0,2021/11/20 3:19
1,1,0,0,0,2021/11/20 3:20
2,1,0,0,0,2021/11/20 3:20
1,1,0,0,0,2021/11/20 3:20
2,1,0,0,0,2021/11/20 3:20
1,1,0,0,0,2021/11/20 3:20
2,1,0,0,0,2021/11/20 3:21
1,1,0,0,0,2021/11/20 3:21
2,1,0,0,0,2021/11/20 3:22
1,1,0,0,0,2021/11/20 3:22
2,1,0,0,0,2021/11/20 3:22
1,1,0,0,0,2021/11/20 3:22
2,1,0,0,0,2021/11/20 3:23
1,1,0,0,0,2021/11/20 3:23
2,1,0,0,0,2021/11/20 3:23
1,1,0,0,0,2021/11/20 3:24
2,1,0,0,0,2021/11/20 3:24
1,1,0,0,0,2021/11/20 3:24
2,1,0,0,0,2021/11/20 3:24
2,1,0,1,0,2021/11/20 3:25
1,1,0,1,0,2021/11/20 3:25
2,1,0,1,0,2021/11/20 3:25
1,1,0,1,0,2021/11/20 3:25
2,1,0,1,0,2021/11/20 3:26
2,0,0,1,0,2021/11/20 3:26
1,0,0,1,0,2021/11/20 3:26
2,0,0,1,0,2021/11/20 3:26
1,0,0,1,0,2021/11/20 3:26
2,0,0,1,0,2021/11/20 3:27
1,0,0,1,0,2021/11/20 3:27
1,1,0,0,0,2021/11/20 3:27
2,1,0,0,0,2021/11/20 3:29
1,1,0,0,0,2021/11/20 3:29
2,1,0,0,0,2021/11/20 3:29
1,1,0,0,0,2021/11/20 3:30
2,1,0,0,0,2021/11/20 3:30
1,1,0,0,0,2021/11/20 3:31
2,1,0,0,0,2021/11/20 3:31
1,1,0,0,0,2021/11/20 3:31
2,1,0,0,0,2021/11/20 3:32
1,1,0,0,0,2021/11/20 3:32
2,1,0,0,0,2021/11/20 3:33
1,1,0,0,0,2021/11/20 3:33
2,1,0,0,0,2021/11/20 3:33
1,1,0,0,0,2021/11/20 3:34
2,1,0,0,0,2021/11/20 3:34
1,1,0,0,0,2021/11/20 3:34
2,1,0,0,0,2021/11/20 3:35
1,1,0,0,0,2021/11/20 3:35
2,1,0,0,0,2021/11/20 3:36
1,1,0,0,0,2021/11/20 3:36
2,1,0,0,0,2021/11/20 3:36
1,1,0,0,0,2021/11/20 3:37
2,1,0,0,0,2021/11/20 3:38
1,1,0,0,0,2021/11/20 3:38
2,1,0,0,0,2021/11/20 3:38
1,1,0,0,0,2021/11/20 3:39
2,1,0,0,0,2021/11/20 3:39
1,1,0,0,0,2021/11/20 3:40
2,1,0,0,0,2021/11/20 3:40
1,1,0,0,0,2021/11/20 3:41
2,1,0,0,0,2021/11/20 3:41
1,1,0,0,0,2021/11/20 3:41
2,1,0,0,0,2021/11/20 3:41
1,1,0,0,0,2021/11/20 3:42
2,1,0,0,0,2021/11/20 3:42
1,1,0,0,0,2021/11/20 3:43
2,1,0,0,0,2021/11/20 3:43
1,1,0,0,0,2021/11/20 3:43
2,1,0,0,0,2021/11/20 3:44
1,1,0,0,0,2021/11/20 3:44
2,1,0,0,0,2021/11/20 3:44
1,1,0,0,0,2021/11/20 3:45
2,1,0,0,0,2021/11/20 3:45
1,1,0,0,0,2021/11/20 3:46
2,1,0,0,0,2021/11/20 3:46
1,1,0,0,0,2021/11/20 3:47
2,1,0,0,0,2021/11/20 3:47
1,1,0,0,0,2021/11/20 3:47
2,1,0,0,0,2021/11/20 3:48
1,1,0,0,0,2021/11/20 3:48
2,1,0,0,0,2021/11/20 3:48
1,1,0,0,0,2021/11/20 3:49
2,1,0,0,0,2021/11/20 3:49
1,1,0,0,0,2021/11/20 3:49
2,1,0,0,0,2021/11/20 3:49
1,1,0,0,0,2021/11/20 3:50
2,1,0,0,0,2021/11/20 3:50
1,1,0,0,0,2021/11/20 3:50
2,1,0,0,0,2021/11/20 3:51
1,1,0,0,0,2021/11/20 3:51
2,1,0,0,0,2021/11/20 3:51
1,1,0,0,0,2021/11/20 3:52
2,1,0,0,0,2021/11/20 3:52
1,1,0,0,0,2021/11/20 3:52
2,1,0,0,0,2021/11/20 3:53
1,1,0,0,0,2021/11/20 3:53
2,1,0,0,0,2021/11/20 3:53
1,1,0,0,0,2021/11/20 3:54
2,1,0,0,0,2021/11/20 3:54
1,1,0,0,0,2021/11/20 3:54
2,1,0,0,0,2021/11/20 3:54
1,1,0,0,0,2021/11/20 3:55
2,1,0,0,0,2021/11/20 3:55
1,1,0,0,0,2021/11/20 3:56
2,1,0,0,0,2021/11/20 3:56
1,1,0,0,0,2021/11/20 3:56
2,1,0,0,0,2021/11/20 3:57
1,1,0,0,0,2021/11/20 3:57
2,1,0,0,0,2021/11/20 3:57
1,1,0,0,0,2021/11/20 3:58
2,1,0,0,0,2021/11/20 3:58
1,1,0,0,0,2021/11/20 3:58
2,1,0,0,0,2021/11/20 3:58
1,1,0,0,0,2021/11/20 3:58
2,1,0,0,0,2021/11/20 3:59
1,1,0,0,0,2021/11/20 3:59
2,1,0,0,0,2021/11/20 3:59
1,1,0,0,0,2021/11/20 3:59
2,1,0,0,0,2021/11/20 4:00
1,1,0,0,0,2021/11/20 4:00
2,1,0,0,0,2021/11/20 4:00
1,1,0,0,0,2021/11/20 4:00
2,1,0,0,0,2021/11/20 4:01
1,1,0,0,0,2021/11/20 4:01
2,1,0,0,0,2021/11/20 4:01
1,1,0,0,0,2021/11/20 4:01
2,1,0,0,0,2021/11/20 4:02
1,1,0,0,0,2021/11/20 4:02
2,1,0,0,0,2021/11/20 4:03
3,1,0,0,0,2021/11/20 4:03
1,1,0,0,0,2021/11/20 4:03
3,1,0,0,0,2021/11/20 4:03
1,1,0,0,0,2021/11/20 4:04
2,1,0,0,0,2021/11/20 4:04
1,1,0,0,0,2021/11/20 4:08
2,1,0,0,0,2021/11/20 4:08
1,1,0,0,0,2021/11/20 4:08
0,1,0,0,0,2021/11/20 4:09
1,1,0,0,0,2021/11/20 4:10
2,1,0,0,0,2021/11/20 4:11
1,1,0,0,0,2021/11/20 4:11
2,1,0,0,0,2021/11/20 4:11
1,1,0,0,0,2021/11/20 4:12
2,1,0,0,0,2021/11/20 4:12
1,1,0,0,0,2021/11/20 4:12
2,1,0,0,0,2021/11/20 4:13
1,1,0,0,0,2021/11/20 4:13
2,1,0,0,0,2021/11/20 4:14
1,1,0,0,0,2021/11/20 4:14
2,1,0,0,0,2021/11/20 4:14
1,1,0,0,0,2021/11/20 4:14
2,1,0,0,0,2021/11/20 4:15
1,1,0,0,0,2021/11/20 4:15
2,1,0,0,0,2021/11/20 4:15
1,1,0,0,0,2021/11/20 4:15
2,1,0,0,0,2021/11/20 4:16
1,1,0,0,0,2021/11/20 4:16
2,1,0,0,0,2021/11/20 4:16
1,1,0,0,0,2021/11/20 4:16
2,1,0,0,0,2021/11/20 4:17
1,1,0,0,0,2021/11/20 4:17
2,1,0,0,0,2021/11/20 4:17
1,1,0,0,0,2021/11/20 4:18
2,1,0,0,0,2021/11/20 4:19
1,1,0,0,0,2021/11/20 4:19
2,1,0,0,0,2021/11/20 4:19
1,1,0,0,0,2021/11/20 4:19
2,1,0,0,0,2021/11/20 4:20
1,1,0,0,0,2021/11/20 4:20
2,1,0,0,0,2021/11/20 4:20
1,1,0,0,0,2021/11/20 4:21
2,1,0,0,0,2021/11/20 4:21
1,1,0,0,0,2021/11/20 4:21
2,1,0,0,0,2021/11/20 4:22
1,1,0,0,0,2021/11/20 4:22
2,1,0,0,0,2021/11/20 4:22
1,1,0,0,0,2021/11/20 4:22
2,1,0,0,0,2021/11/20 4:23
1,1,0,0,0,2021/11/20 4:23
2,1,0,0,0,2021/11/20 4:23
1,1,0,0,0,2021/11/20 4:24
2,1,0,0,0,2021/11/20 4:24
1,1,0,0,0,2021/11/20 4:24
2,1,0,0,0,2021/11/20 4:25
1,1,0,0,0,2021/11/20 4:25
2,1,0,0,0,2021/11/20 4:26
1,1,0,0,0,2021/11/20 4:26
2,1,0,0,0,2021/11/20 4:26
1,1,0,0,0,2021/11/20 4:26
2,1,0,0,0,2021/11/20 4:27
1,1,0,0,0,2021/11/20 4:27
2,1,0,0,0,2021/11/20 4:27
1,1,0,0,0,2021/11/20 4:27
2,1,0,0,0,2021/11/20 4:28
1,1,0,0,0,2021/11/20 4:28
2,1,0,0,0,2021/11/20 4:28
1,1,0,0,0,2021/11/20 4:28
2,1,0,0,0,2021/11/20 4:29
1,1,0,0,0,2021/11/20 4:29
2,1,0,0,0,2021/11/20 4:29
1,1,0,0,0,2021/11/20 4:30
2,1,0,0,0,2021/11/20 4:30
2,0,0,0,0,2021/11/20 4:30
1,0,0,0,0,2021/11/20 4:30
1,1,0,0,0,2021/11/20 4:31
2,1,0,0,0,2021/11/20 4:31
1,1,0,0,0,2021/11/20 4:31
2,1,0,0,0,2021/11/20 4:31
1,1,0,0,0,2021/11/20 4:32
2,1,0,0,0,2021/11/20 4:32
1,1,0,0,0,2021/11/20 4:32
2,1,0,0,0,2021/11/20 4:32
1,1,0,0,0,2021/11/20 4:33
2,1,0,0,0,2021/11/20 4:33
1,1,0,0,0,2021/11/20 4:33
2,1,0,0,0,2021/11/20 4:33
1,1,0,0,0,2021/11/20 4:34
2,1,0,0,0,2021/11/20 4:34
1,1,0,0,0,2021/11/20 4:34
2,1,0,0,0,2021/11/20 4:34
1,1,0,0,0,2021/11/20 4:35
2,1,0,0,0,2021/11/20 4:35
1,1,0,0,0,2021/11/20 4:35
2,1,0,0,0,2021/11/20 4:36
1,1,0,0,0,2021/11/20 4:36
2,1,0,0,0,2021/11/20 4:36
1,1,0,0,0,2021/11/20 4:37
2,1,0,0,0,2021/11/20 4:38
1,1,0,0,0,2021/11/20 4:38
2,1,0,0,0,2021/11/20 4:38
1,1,0,0,0,2021/11/20 4:38
2,1,0,0,0,2021/11/20 4:39
1,1,0,0,0,2021/11/20 4:39
2,1,0,0,0,2021/11/20 4:39
1,1,0,0,0,2021/11/20 4:40
2,1,0,0,0,2021/11/20 4:40
1,1,0,0,0,2021/11/20 4:40
2,1,0,0,0,2021/11/20 4:41
1,1,0,0,0,2021/11/20 4:41
2,1,0,0,0,2021/11/20 4:41
1,1,0,0,0,2021/11/20 4:41
2,1,0,0,0,2021/11/20 4:42
1,1,0,0,0,2021/11/20 4:43
2,1,0,0,0,2021/11/20 4:43
1,1,0,0,0,2021/11/20 4:44
2,1,0,0,0,2021/11/20 4:44
1,1,0,0,0,2021/11/20 4:44
2,1,0,0,0,2021/11/20 4:45
1,1,0,0,0,2021/11/20 4:45
2,1,0,0,0,2021/11/20 4:45
1,1,0,0,0,2021/11/20 4:45
2,1,0,0,0,2021/11/20 4:46
1,1,0,0,0,2021/11/20 4:46
2,1,0,0,0,2021/11/20 4:46
1,1,0,0,0,2021/11/20 4:46
2,1,0,0,0,2021/11/20 4:47
1,1,0,0,0,2021/11/20 4:47
2,1,0,0,0,2021/11/20 4:47
1,1,0,0,0,2021/11/20 4:47
2,1,0,0,0,2021/11/20 4:48
1,1,0,0,0,2021/11/20 4:48
2,1,0,0,0,2021/11/20 4:48
1,1,0,0,0,2021/11/20 4:48
2,1,0,0,0,2021/11/20 4:49
1,1,0,0,0,2021/11/20 4:50
2,1,0,0,0,2021/11/20 4:50
1,1,0,0,0,2021/11/20 4:50
2,1,0,0,0,2021/11/20 4:50
1,1,0,0,0,2021/11/20 4:51
2,1,0,0,0,2021/11/20 4:51
1,1,0,0,0,2021/11/20 4:51
2,1,0,0,0,2021/11/20 4:51
1,1,0,0,0,2021/11/20 4:52
2,1,0,0,0,2021/11/20 4:52
1,1,0,0,0,2021/11/20 4:53
2,1,0,0,0,2021/11/20 4:54
1,1,0,0,0,2021/11/20 4:55
2,1,0,0,0,2021/11/20 4:55
1,1,0,0,0,2021/11/20 4:56
2,1,0,0,0,2021/11/20 4:57
1,1,0,0,0,2021/11/20 4:57
2,1,0,0,0,2021/11/20 4:57
1,1,0,0,0,2021/11/20 4:57
2,1,0,0,0,2021/11/20 4:58
1,1,0,0,0,2021/11/20 4:58
2,1,0,0,0,2021/11/20 4:58
1,1,0,0,0,2021/11/20 4:59
2,1,0,0,0,2021/11/20 4:59
1,1,0,0,0,2021/11/20 5:00
2,1,0,0,0,2021/11/20 5:00
1,1,0,0,0,2021/11/20 5:01
2,1,0,0,0,2021/11/20 5:01
1,1,0,0,0,2021/11/20 5:02
2,1,0,0,0,2021/11/20 5:02
1,1,0,0,0,2021/11/20 5:02
2,1,0,0,0,2021/11/20 5:02
1,1,0,0,0,2021/11/20 5:03
2,1,0,0,0,2021/11/20 5:03
1,1,0,0,0,2021/11/20 5:03
2,1,0,0,0,2021/11/20 5:04
1,1,0,0,0,2021/11/20 5:04
2,1,0,0,0,2021/11/20 5:04
1,1,0,0,0,2021/11/20 5:05
2,1,0,0,0,2021/11/20 5:05
1,1,0,0,0,2021/11/20 5:05
2,1,0,0,0,2021/11/20 5:06
1,1,0,0,0,2021/11/20 5:06
2,1,0,0,0,2021/11/20 5:06
1,1,0,0,0,2021/11/20 5:08
2,1,0,0,0,2021/11/20 5:08
1,1,0,0,0,2021/11/20 5:09
2,1,0,0,0,2021/11/20 5:09
1,1,0,0,0,2021/11/20 5:09
2,1,0,0,0,2021/11/20 5:10
1,1,0,0,0,2021/11/20 5:10
2,1,0,0,0,2021/11/20 5:11
1,1,0,0,0,2021/11/20 5:11
2,1,0,0,0,2021/11/20 5:11
1,1,0,0,0,2021/11/20 5:12
2,1,0,0,0,2021/11/20 5:12
1,1,0,0,0,2021/11/20 5:13
2,1,0,0,0,2021/11/20 5:13
1,1,0,0,0,2021/11/20 5:13
2,1,0,0,0,2021/11/20 5:14
1,1,0,0,0,2021/11/20 5:14
2,1,0,0,0,2021/11/20 5:14
1,1,0,0,0,2021/11/20 5:15
2,1,0,0,0,2021/11/20 5:15
1,1,0,0,0,2021/11/20 5:34
2,1,0,0,0,2021/11/20 5:34
1,1,0,0,0,2021/11/20 5:35
2,1,0,0,0,2021/11/20 5:36
2,0,0,0,0,2021/11/20 5:36
1,0,0,0,0,2021/11/20 5:36
2,0,0,0,0,2021/11/20 5:37
1,0,0,0,0,2021/11/20 5:46
2,0,0,0,0,2021/11/20 5:46
1,0,0,0,0,2021/11/20 5:47
1,1,0,0,0,2021/11/20 5:47
1,0,0,0,0,2021/11/20 5:47
1,1,0,0,0,2021/11/20 5:48
1,0,0,0,0,2021/11/20 5:48
1,1,0,0,0,2021/11/20 5:49
1,0,0,0,0,2021/11/20 5:49
1,1,0,0,0,2021/11/20 5:50
1,0,0,0,0,2021/11/20 5:50
1,1,0,0,0,2021/11/20 5:50
1,0,0,0,0,2021/11/20 5:51
1,1,0,0,0,2021/11/20 5:51
1,0,0,0,0,2021/11/20 5:52
1,1,0,0,0,2021/11/20 5:52
1,0,0,0,0,2021/11/20 5:54
1,1,0,0,0,2021/11/20 5:54
2,1,0,0,0,2021/11/20 5:56
1,1,0,0,0,2021/11/20 5:56
2,1,0,0,0,2021/11/20 5:57
1,1,0,0,0,2021/11/20 5:57
2,1,0,0,0,2021/11/20 5:57
1,1,0,0,0,2021/11/20 5:57
2,1,0,0,0,2021/11/20 5:58
1,1,0,0,0,2021/11/20 5:58
2,1,0,0,0,2021/11/20 5:58
1,1,0,0,0,2021/11/20 5:59
2,1,0,0,0,2021/11/20 5:59
1,1,0,0,0,2021/11/20 6:00
2,1,0,0,0,2021/11/20 6:00
1,1,0,0,0,2021/11/20 6:00
2,1,0,0,0,2021/11/20 6:00
1,1,0,0,0,2021/11/20 6:01
2,1,0,0,0,2021/11/20 6:01
1,1,0,0,0,2021/11/20 6:01
2,1,0,0,0,2021/11/20 6:02
1,1,0,0,0,2021/11/20 6:02
2,1,0,0,0,2021/11/20 6:03
1,1,0,0,0,2021/11/20 6:03
2,1,0,0,0,2021/11/20 6:03
1,1,0,0,0,2021/11/20 6:03
2,1,0,0,0,2021/11/20 6:04
1,1,0,0,0,2021/11/20 6:04
2,1,0,0,0,2021/11/20 6:04
1,1,0,0,0,2021/11/20 6:04
2,1,0,0,0,2021/11/20 6:05
1,1,0,0,0,2021/11/20 6:05
2,1,0,0,0,2021/11/20 6:06
1,1,0,0,0,2021/11/20 6:06
2,1,0,0,0,2021/11/20 6:06
1,1,0,0,0,2021/11/20 6:07
2,1,0,0,0,2021/11/20 6:07
1,1,0,0,0,2021/11/20 6:07
2,1,0,0,0,2021/11/20 6:08
1,1,0,0,0,2021/11/20 6:08
2,1,0,0,0,2021/11/20 6:08
1,1,0,0,0,2021/11/20 6:08
2,1,0,0,0,2021/11/20 6:09
1,1,0,0,0,2021/11/20 6:09
2,1,0,0,0,2021/11/20 6:09
1,1,0,0,0,2021/11/20 6:09
2,1,0,0,0,2021/11/20 6:09
1,1,0,0,0,2021/11/20 6:09
2,1,0,0,0,2021/11/20 6:10
1,1,0,0,0,2021/11/20 6:11
2,1,0,0,0,2021/11/20 6:11
1,1,0,0,0,2021/11/20 6:12
2,1,0,0,0,2021/11/20 6:12
1,1,0,0,0,2021/11/20 6:12
2,1,0,0,0,2021/11/20 6:13
1,1,0,0,0,2021/11/20 6:13
2,1,0,0,0,2021/11/20 6:13
1,1,0,0,0,2021/11/20 6:14
2,1,0,0,0,2021/11/20 6:14
1,1,0,0,0,2021/11/20 6:14
2,1,0,0,0,2021/11/20 6:14
1,1,0,0,0,2021/11/20 6:15
2,1,0,0,0,2021/11/20 6:16
1,1,0,0,0,2021/11/20 6:16
2,1,0,0,0,2021/11/20 6:17
1,1,0,0,0,2021/11/20 6:17
2,1,0,0,0,2021/11/20 6:18
1,1,0,0,0,2021/11/20 6:18
2,1,0,0,0,2021/11/20 6:18
1,1,0,0,0,2021/11/20 6:19
2,1,0,0,0,2021/11/20 6:19
1,1,0,0,0,2021/11/20 6:19
2,1,0,0,0,2021/11/20 6:20
1,1,0,0,0,2021/11/20 6:20
2,1,0,0,0,2021/11/20 6:21
1,1,0,0,0,2021/11/20 6:21
2,1,0,0,0,2021/11/20 6:22
1,1,0,0,0,2021/11/20 6:22
2,1,0,0,0,2021/11/20 6:22
1,1,0,0,0,2021/11/20 6:23
2,1,0,0,0,2021/11/20 6:23
1,1,0,0,0,2021/11/20 6:23
2,1,0,0,0,2021/11/20 6:24
1,1,0,0,0,2021/11/20 6:24
2,1,0,0,0,2021/11/20 6:24
1,1,0,0,0,2021/11/20 6:25
2,1,0,0,0,2021/11/20 6:25
1,1,0,0,0,2021/11/20 6:25
2,1,0,0,0,2021/11/20 6:25
1,1,0,0,0,2021/11/20 6:26
2,1,0,0,0,2021/11/20 6:26
1,1,0,0,0,2021/11/20 6:26
2,1,0,0,0,2021/11/20 6:26
1,1,0,0,0,2021/11/20 6:27
2,1,0,0,0,2021/11/20 6:27
1,1,0,0,0,2021/11/20 6:27
2,1,0,0,0,2021/11/20 6:28
1,1,0,0,0,2021/11/20 6:28
2,1,0,0,0,2021/11/20 6:28
1,1,0,0,0,2021/11/20 6:29
2,1,0,0,0,2021/11/20 6:29
1,1,0,0,0,2021/11/20 6:31
2,1,0,0,0,2021/11/20 6:31
1,1,0,0,0,2021/11/20 6:31
2,1,0,0,0,2021/11/20 6:32
1,1,0,0,0,2021/11/20 6:32
2,1,0,0,0,2021/11/20 6:32
1,1,0,0,0,2021/11/20 6:32
2,1,0,0,0,2021/11/20 6:33
1,1,0,0,0,2021/11/20 6:33
2,1,0,0,0,2021/11/20 6:33
1,1,0,0,0,2021/11/20 6:33
2,1,0,0,0,2021/11/20 6:33
1,1,0,0,0,2021/11/20 6:34
2,1,0,0,0,2021/11/20 6:35
1,1,0,0,0,2021/11/20 6:35
2,1,0,0,0,2021/11/20 6:35
1,1,0,0,0,2021/11/20 6:36
2,1,0,0,0,2021/11/20 6:36
1,1,0,0,0,2021/11/20 6:36
2,1,0,0,0,2021/11/20 6:37
1,1,0,0,0,2021/11/20 6:37
2,1,0,0,0,2021/11/20 6:37
1,1,0,0,0,2021/11/20 6:37
2,1,0,0,0,2021/11/20 6:38
1,1,0,0,0,2021/11/20 6:38
2,1,0,0,0,2021/11/20 6:38
1,1,0,0,0,2021/11/20 6:39
2,1,0,0,0,2021/11/20 6:39
1,1,0,0,0,2021/11/20 6:39
2,1,0,0,0,2021/11/20 6:39
1,1,0,0,0,2021/11/20 6:40
2,1,0,0,0,2021/11/20 6:40
1,1,0,0,0,2021/11/20 6:40
2,1,0,0,0,2021/11/20 6:41
1,1,0,0,0,2021/11/20 6:41
2,1,0,0,0,2021/11/20 6:41
1,1,0,0,0,2021/11/20 6:42
2,1,0,0,0,2021/11/20 6:42
1,1,0,0,0,2021/11/20 6:42
2,1,0,0,0,2021/11/20 6:43
1,1,0,0,0,2021/11/20 6:43
2,1,0,0,0,2021/11/20 6:43
1,1,0,0,0,2021/11/20 6:43
2,1,0,0,0,2021/11/20 6:44
1,1,0,0,0,2021/11/20 6:44
2,1,0,0,0,2021/11/20 6:44
1,1,0,0,0,2021/11/20 6:45
2,1,0,0,0,2021/11/20 6:45
1,1,0,0,0,2021/11/20 6:45
2,1,0,0,0,2021/11/20 6:46
1,1,0,0,0,2021/11/20 6:46
2,1,0,0,0,2021/11/20 6:46
1,1,0,0,0,2021/11/20 6:47
2,1,0,0,0,2021/11/20 6:47
1,1,0,0,0,2021/11/20 6:47
2,1,0,0,0,2021/11/20 6:48
1,1,0,0,0,2021/11/20 6:48
2,1,0,0,0,2021/11/20 6:48
1,1,0,0,0,2021/11/20 6:48
2,1,0,0,0,2021/11/20 6:49
1,1,0,0,0,2021/11/20 6:49
2,1,0,0,0,2021/11/20 6:49
1,1,0,0,0,2021/11/20 6:50
2,1,0,0,0,2021/11/20 6:50
1,1,0,0,0,2021/11/20 6:52
2,1,0,0,0,2021/11/20 6:52
1,1,0,0,0,2021/11/20 6:52
2,1,0,0,0,2021/11/20 6:53
1,1,0,0,0,2021/11/20 6:58
2,1,0,0,0,2021/11/20 6:58
1,1,0,0,0,2021/11/20 6:58
2,1,0,0,0,2021/11/20 6:59
1,1,0,0,0,2021/11/20 6:59
2,1,0,0,0,2021/11/20 6:59
1,1,0,0,0,2021/11/20 6:59
2,1,0,0,0,2021/11/20 7:00
1,1,0,0,0,2021/11/20 7:00
2,1,0,0,0,2021/11/20 7:00
1,1,0,0,0,2021/11/20 7:01
2,1,0,0,0,2021/11/20 7:01
1,1,0,0,0,2021/11/20 7:01
2,1,0,0,0,2021/11/20 7:02
1,1,0,0,0,2021/11/20 7:02
2,1,0,0,0,2021/11/20 7:02
1,1,0,0,0,2021/11/20 7:03
2,1,0,0,0,2021/11/20 7:03
1,1,0,0,0,2021/11/20 7:03
2,1,0,0,0,2021/11/20 7:03
1,1,0,0,0,2021/11/20 7:04
2,1,0,0,0,2021/11/20 7:04
1,1,0,0,0,2021/11/20 7:04
2,1,0,0,0,2021/11/20 7:05
1,1,0,0,0,2021/11/20 7:05
2,1,0,0,0,2021/11/20 7:05
1,1,0,0,0,2021/11/20 7:06
2,1,0,0,0,2021/11/20 7:06
1,1,0,0,0,2021/11/20 7:06
2,1,0,0,0,2021/11/20 7:07
1,1,0,0,0,2021/11/20 7:07
2,1,0,0,0,2021/11/20 7:07
1,1,0,0,0,2021/11/20 7:08
2,1,0,0,0,2021/11/20 7:08
1,1,0,0,0,2021/11/20 7:08
2,1,0,0,0,2021/11/20 7:09
1,1,0,0,0,2021/11/20 7:09
2,1,0,0,0,2021/11/20 7:09
1,1,0,0,0,2021/11/20 7:10
2,1,0,0,0,2021/11/20 7:10
1,1,0,0,0,2021/11/20 7:10
2,1,0,0,0,2021/11/20 7:10
1,1,0,0,0,2021/11/20 7:11
2,1,0,0,0,2021/11/20 7:11
1,1,0,0,0,2021/11/20 7:11
2,1,0,0,0,2021/11/20 7:12
1,1,0,0,0,2021/11/20 7:12
2,1,0,0,0,2021/11/20 7:12
1,1,0,0,0,2021/11/20 7:13
2,1,0,0,0,2021/11/20 7:13
1,1,0,0,0,2021/11/20 7:13
2,1,0,0,0,2021/11/20 7:13
1,1,0,0,0,2021/11/20 7:14
2,1,0,0,0,2021/11/20 7:14
1,1,0,0,0,2021/11/20 7:15
2,1,0,0,0,2021/11/20 7:15
1,1,0,0,0,2021/11/20 7:15
2,1,0,0,0,2021/11/20 7:15
1,1,0,0,0,2021/11/20 7:16
2,1,0,0,0,2021/11/20 7:16
1,1,0,0,0,2021/11/20 7:16
2,1,0,0,0,2021/11/20 7:17
1,1,0,0,0,2021/11/20 7:17
2,1,0,0,0,2021/11/20 7:17
1,1,0,0,0,2021/11/20 7:18
2,1,0,0,0,2021/11/20 7:18
1,1,0,0,0,2021/11/20 7:18
2,1,0,0,0,2021/11/20 7:19
1,1,0,0,0,2021/11/20 7:19
2,1,0,0,0,2021/11/20 7:19
1,1,0,0,0,2021/11/20 7:19
2,1,0,0,0,2021/11/20 7:20
1,1,0,0,0,2021/11/20 7:21
2,1,0,0,0,2021/11/20 7:21
1,1,0,0,0,2021/11/20 7:21
2,1,0,0,0,2021/11/20 7:22
1,1,0,0,0,2021/11/20 7:23
2,1,0,0,0,2021/11/20 7:23
1,1,0,0,0,2021/11/20 7:23
2,1,0,0,0,2021/11/20 7:24
1,1,0,0,0,2021/11/20 7:24
2,1,0,0,0,2021/11/20 7:24
1,1,0,0,0,2021/11/20 7:25
2,1,0,0,0,2021/11/20 7:25
1,1,0,0,0,2021/11/20 7:25
2,1,0,0,0,2021/11/20 7:26
1,1,0,0,0,2021/11/20 7:26
2,1,0,0,0,2021/11/20 7:26
1,1,0,0,0,2021/11/20 7:27
2,1,0,0,0,2021/11/20 7:27
1,1,0,0,0,2021/11/20 7:28
2,1,0,0,0,2021/11/20 7:28
1,1,0,1,0,2021/11/20 7:28
2,1,0,1,0,2021/11/20 7:28
1,1,0,1,0,2021/11/20 7:29
2,1,0,1,0,2021/11/20 7:29
2,0,0,1,0,2021/11/20 7:29
1,0,0,1,0,2021/11/20 7:29
2,0,0,1,0,2021/11/20 7:30
1,0,0,1,0,2021/11/20 7:30
2,0,0,1,0,2021/11/20 7:30
1,0,0,1,0,2021/11/20 7:31
1,0,0,0,0,2021/11/20 7:45
1,0,0,1,0,2021/11/20 7:46
1,0,0,0,0,2021/11/20 7:47
1,1,0,0,0,2021/11/20 7:47
1,1,0,1,0,2021/11/20 7:48
2,1,0,1,0,2021/11/20 7:48
1,1,0,1,0,2021/11/20 7:48
2,1,0,1,0,2021/11/20 7:49
2,0,0,1,0,2021/11/20 7:49
1,0,0,1,0,2021/11/20 7:49
2,0,0,1,0,2021/11/20 7:50
1,0,0,1,0,2021/11/20 7:50
2,0,0,1,0,2021/11/20 7:51
1,0,0,1,0,2021/11/20 7:51
