in,out,beat,dajiao_finish,on position,zukuang_finish,a1,a2,b1,b2,c1,c2,c3,c4,time
2021/11/19 19:55,2021/11/19 20:08,759,08 11,08 19,08 28,26,21,46,45,84,42,43,84,35
2021/11/19 20:08,2021/11/19 20:09,81,08 30,08 41,08 51,26,22,47,46,82,44,44,83,38
2021/11/19 20:09,2021/11/19 20:10,22,08 49,10 02,10 11,26,22,46,45,85,42,42,84,19
2021/11/19 20:10,2021/11/19 20:10,20,10 06,10 19,10 30,26,22,47,46,84,43,43,84,19
2021/11/19 20:10,2021/11/19 20:11,29,10 26,10 39,10 50,27,23,47,46,84,43,43,84,19
2021/11/19 20:11,2021/11/19 20:11,37,10 44,10 58,11 19,26,23,46,45,84,43,44,83,19
2021/11/19 20:11,2021/11/19 20:12,31,11 03,11 28,11 56,26,24,46,45,84,44,43,84,19
2021/11/19 20:12,2021/11/19 20:12,30,11 33,12 05,12 27,26,22,46,45,84,43,43,84,19
2021/11/19 20:12,2021/11/19 20:13,29,12 09,12 35,12 57,26,23,46,45,83,44,44,83,18
2021/11/19 20:13,2021/11/19 20:13,35,12 40,13 06,13 26,26,22,46,45,85,42,43,83,19
2021/11/19 20:13,2021/11/19 20:14,35,13 10,13 34,14 01,26,23,46,45,83,44,44,83,19
2021/11/19 20:14,2021/11/19 20:14,35,13 39,14 09,14 36,26,22,46,45,84,42,43,83,19
2021/11/19 20:14,2021/11/19 20:15,35,14 14,14 45,15 12,26,23,46,45,84,43,43,83,19
2021/11/19 20:15,2021/11/19 20:15,27,14 50,15 20,15 46,26,23,46,45,83,44,44,82,17
2021/11/19 20:15,2021/11/19 20:16,35,15 25,15 54,16 14,26,23,46,46,83,45,44,83,18
2021/11/19 20:16,2021/11/19 20:17,40,15 59,16 22,16 48,26,22,46,45,82,43,43,83,18
2021/11/19 20:17,2021/11/19 20:17,39,16 27,16 57,17 28,26,22,45,45,83,45,44,83,19
2021/11/19 20:17,2021/11/19 20:18,38,17 02,17 36,18 07,26,22,45,45,83,44,44,84,18
2021/11/19 20:18,2021/11/19 20:19,31,17 41,18 15,18 45,26,23,45,44,81,44,45,82,18
2021/11/19 20:19,2021/11/19 20:19,38,18 20,18 53,19 17,26,23,45,45,83,44,44,82,19
2021/11/19 20:19,2021/11/19 20:20,31,18 58,19 25,19 54,25,22,45,45,84,43,43,83,18
2021/11/19 20:20,2021/11/19 20:20,35,19 30,20 02,20 25,26,23,46,45,82,45,44,82,19
2021/11/19 20:20,2021/11/19 20:21,27,20 07,20 34,21 00,26,23,45,45,83,44,43,83,18
2021/11/19 20:21,2021/11/19 20:21,34,20 38,21 08,21 27,26,24,46,45,84,42,43,83,18
2021/11/19 20:21,2021/11/19 20:22,39,21 13,21 36,22 01,26,24,45,45,85,43,43,83,19
2021/11/19 20:22,2021/11/19 20:22,32,21 41,22 09,22 40,27,25,45,45,84,42,43,84,19
2021/11/19 20:22,2021/11/19 20:23,29,22 14,22 49,23 12,26,23,45,45,82,45,44,83,19
2021/11/19 20:23,2021/11/19 20:24,36,22 53,23 21,23 42,25,22,46,45,84,44,44,83,19
2021/11/19 20:24,2021/11/19 20:24,41,23 25,23 50,24 18,26,22,45,45,81,45,45,82,19
2021/11/19 20:24,2021/11/19 20:25,43,23 55,24 26,24 59,26,22,45,45,83,45,44,82,19
2021/11/19 20:26,2021/11/19 20:26,29,25 12,25 49,26 24,26,24,45,45,82,44,44,82,18
2021/11/19 20:26,2021/11/19 20:27,29,25 54,26 32,26 52,26,23,46,45,84,43,43,83,18
2021/11/19 20:27,2021/11/19 20:27,22,26 37,27 01,27 21,26,23,46,45,83,44,44,84,19
2021/11/19 20:27,2021/11/19 20:27,22,27 06,27 30,27 43,27,24,46,45,84,42,42,84,18
2021/11/19 20:27,2021/11/19 20:28,36,27 35,27 51,28 05,27,23,46,45,84,42,42,84,19
2021/11/19 20:28,2021/11/19 20:29,27,28 19,28 50,29 11,26,23,46,45,82,45,44,82,19
2021/11/19 20:29,2021/11/19 20:29,25,28 55,29 19,29 37,26,22,46,45,82,43,44,83,18
2021/11/19 20:29,2021/11/19 20:30,25,29 24,29 45,30 02,26,22,46,45,85,42,43,84,18
2021/11/19 20:30,2021/11/19 20:30,26,29 50,30 10,30 27,26,22,46,45,83,45,45,82,18
2021/11/19 20:30,2021/11/19 20:31,24,30 15,30 35,30 54,26,23,46,45,82,42,43,82,18
2021/11/19 20:31,2021/11/19 20:31,29,30 40,31 02,31 17,26,23,46,45,83,43,42,84,19
2021/11/19 20:31,2021/11/19 20:32,29,31 07,31 26,31 46,26,22,46,45,85,42,43,85,19
2021/11/19 20:32,2021/11/19 20:32,27,31 30,31 54,32 15,26,22,46,45,84,43,43,83,18
2021/11/19 20:32,2021/11/19 20:32,26,31 59,32 23,32 42,26,22,46,45,84,43,43,84,19
2021/11/19 20:32,2021/11/19 20:33,29,32 28,32 51,33 08,26,22,46,45,84,43,43,83,19
2021/11/19 20:33,2021/11/19 20:33,25,32 56,33 16,33 37,26,22,46,45,83,43,43,84,19
2021/11/19 20:33,2021/11/19 20:34,36,33 21,33 46,34 02,26,22,46,45,84,43,44,84,19
2021/11/19 20:34,2021/11/19 20:35,70,33 51,34 10,34 38,26,22,45,45,83,44,44,82,19
2021/11/19 20:35,2021/11/19 20:36,32,34 15,34 46,35 48,26,22,45,45,84,43,43,84,17
2021/11/19 20:36,2021/11/19 20:36,24,34 51,35 57,36 20,26,23,46,45,83,45,44,83,19
2021/11/19 20:36,2021/11/19 20:36,24,36 02,36 28,36 44,26,22,46,45,83,44,45,83,18
2021/11/19 20:36,2021/11/19 20:37,25,36 33,36 52,37 08,25,22,46,46,84,44,43,83,18
2021/11/19 20:37,2021/11/19 20:37,25,36 57,37 16,37 33,27,23,46,45,81,44,43,82,19
2021/11/19 20:37,2021/11/19 20:38,39,37 21,37 41,37 58,26,23,46,45,84,42,43,84,19
2021/11/19 20:38,2021/11/19 20:38,31,37 46,38 06,38 37,26,22,46,45,84,46,43,84,19
2021/11/19 20:38,2021/11/19 20:39,36,38 11,38 45,39 08,26,22,46,45,82,44,43,84,18
2021/11/19 20:39,2021/11/19 20:39,29,38 50,39 16,39 44,26,23,46,45,83,44,47,82,18
2021/11/19 20:39,2021/11/19 20:40,29,39 21,39 53,40 13,26,22,46,45,84,43,43,81,19
2021/11/19 20:40,2021/11/19 20:40,28,39 57,40 21,40 42,26,23,46,45,82,44,45,82,19
2021/11/19 20:40,2021/11/19 20:41,35,40 26,40 50,41 10,26,22,46,45,84,42,43,84,18
2021/11/19 20:41,2021/11/19 20:42,65,40 55,41 19,41 45,26,22,46,45,83,44,43,83,18
2021/11/19 20:42,2021/11/19 20:43,29,41 24,41 53,42 50,27,23,46,45,84,44,44,83,18
2021/11/19 20:43,2021/11/19 20:43,30,41 58,42 59,43 20,26,23,46,45,83,44,43,84,18
2021/11/19 20:43,2021/11/19 20:44,31,43 04,43 28,43 49,27,23,46,45,83,44,44,83,19
2021/11/19 20:44,2021/11/19 20:44,29,43 33,43 57,44 21,26,23,45,45,82,44,44,82,18
2021/11/19 20:44,2021/11/19 20:45,29,44 02,44 29,44 49,26,22,46,45,84,43,43,83,18
2021/11/19 20:45,2021/11/19 20:45,31,44 34,44 58,45 19,27,23,46,45,83,44,45,83,19
2021/11/19 20:45,2021/11/19 20:46,80,45 02,45 27,45 49,25,23,46,45,84,42,44,82,18
2021/11/19 20:46,2021/11/19 20:47,48,45 32,45 58,47 09,26,23,46,45,83,44,43,83,19
2021/11/19 20:48,2021/11/19 20:49,57,47 22,48 05,48 34,27,23,46,45,82,46,45,82,18
2021/11/19 20:49,2021/11/19 20:50,57,48 09,48 42,49 30,26,23,46,45,83,43,43,82,19
2021/11/19 20:50,2021/11/19 20:54,267,53 53,54 01,54 10,26,22,46,45,84,43,43,83,18
2021/11/19 20:54,2021/11/19 20:55,32,54 31,54 39,54 55,26,22,46,45,83,43,43,83,37
2021/11/19 20:58,2021/11/19 21:04,366,04 06,04 14,04 24,26,21,46,45,83,43,43,84,36
2021/11/19 21:04,2021/11/19 21:04,22,04 25,04 36,04 46,26,23,46,45,82,44,44,83,37
2021/11/19 21:04,2021/11/19 21:07,156,04 44,04 54,05 05,27,23,47,46,84,42,43,84,19
2021/11/19 21:07,2021/11/19 21:08,64,05 03,05 13,07 41,26,22,46,45,82,44,43,84,19
2021/11/19 21:08,2021/11/19 21:09,81,09 29,09 37,09 47,26,21,46,45,83,46,44,83,18
2021/11/19 21:09,2021/11/19 21:10,34,09 48,10 00,10 09,26,22,46,45,81,45,45,82,37
2021/11/19 21:10,2021/11/19 21:11,34,10 08,10 18,10 40,26,22,46,45,82,43,44,83,19
2021/11/19 21:11,2021/11/19 21:11,38,10 27,10 48,11 14,26,22,46,45,84,43,43,83,19
2021/11/19 21:11,2021/11/19 21:12,30,10 53,11 23,11 52,25,23,46,45,84,42,43,84,19
2021/11/19 21:12,2021/11/19 21:12,32,11 27,12 00,12 22,26,22,46,45,84,42,43,84,19
2021/11/19 21:12,2021/11/19 21:13,30,12 05,12 31,12 54,26,22,46,45,84,43,43,83,19
2021/11/19 21:13,2021/11/19 21:22,542,12 35,13 02,13 24,26,22,46,45,83,45,45,82,18
2021/11/19 21:23,2021/11/19 21:26,183,22 39,23 08,23 37,26,23,46,45,83,44,44,83,19
2021/11/19 21:27,2021/11/19 21:28,84,28 05,28 13,28 23,25,21,46,45,84,42,43,83,20
2021/11/19 21:28,2021/11/19 21:28,22,28 24,28 36,28 45,26,22,47,46,81,47,45,81,37
2021/11/19 21:28,2021/11/19 21:29,32,28 43,28 54,29 05,27,22,47,46,83,44,43,84,19
2021/11/19 21:29,2021/11/19 21:29,28,29 02,29 13,29 36,26,22,46,45,83,45,44,83,19
2021/11/19 21:29,2021/11/19 21:30,28,29 21,29 44,30 04,26,23,46,45,83,44,44,84,19
2021/11/19 21:30,2021/11/19 21:30,29,29 49,30 13,30 32,26,23,46,45,83,45,45,83,19
2021/11/19 21:30,2021/11/19 21:31,23,30 17,30 40,31 01,26,22,46,45,84,43,43,83,18
2021/11/19 21:31,2021/11/19 21:31,0,30 45,31 09,31 24,26,22,46,45,84,44,44,83,0
2021/11/19 21:31,2021/11/19 21:32,29,31 14,31 33,31 49,26,22,46,45,84,44,44,83,0
2021/11/19 21:32,2021/11/19 21:32,30,31 37,31 58,32 18,26,22,46,45,82,44,44,82,8
2021/11/19 21:32,2021/11/19 21:33,31,32 02,32 26,32 48,27,22,46,45,83,45,44,84,19
2021/11/19 21:33,2021/11/19 21:33,29,32 31,32 57,33 19,25,23,46,45,82,44,44,84,19
2021/11/19 21:33,2021/11/19 21:34,46,33 01,33 27,33 49,27,22,46,45,83,44,45,82,18
2021/11/19 21:34,2021/11/19 21:35,59,33 32,33 57,34 34,26,22,46,45,82,44,44,82,19
2021/11/19 21:35,2021/11/19 21:36,45,34 02,34 43,35 33,26,22,46,45,84,43,44,84,18
2021/11/19 21:36,2021/11/19 21:36,47,34 47,35 41,36 19,26,23,46,45,84,42,43,83,18
2021/11/19 21:36,2021/11/19 21:37,44,35 46,36 27,37 05,26,22,46,45,83,44,43,83,19
2021/11/19 21:37,2021/11/19 21:38,44,36 32,37 14,37 49,25,22,46,45,83,44,45,82,19
2021/11/19 21:38,2021/11/19 21:39,87,37 19,37 57,38 33,26,23,46,45,84,43,43,84,18
2021/11/19 21:39,2021/11/19 21:40,46,38 02,38 41,40 00,26,22,46,45,83,44,44,82,19
2021/11/19 21:40,2021/11/19 21:41,46,38 46,40 08,40 46,26,23,46,45,85,42,43,84,19
2021/11/19 21:41,2021/11/19 21:42,42,40 13,40 54,41 33,26,23,46,45,84,42,42,83,19
2021/11/19 21:42,2021/11/19 21:42,41,40 59,41 41,42 14,26,23,46,45,84,44,43,84,18
2021/11/19 21:42,2021/11/19 21:43,24,41 46,42 22,42 56,26,23,46,45,83,42,42,82,18
2021/11/19 21:43,2021/11/19 21:43,23,42 27,43 04,43 19,26,22,46,46,84,43,43,85,18
2021/11/19 21:43,2021/11/19 21:44,37,43 09,43 28,43 42,26,23,47,45,83,45,44,83,19
2021/11/19 21:44,2021/11/19 21:44,30,43 32,43 51,44 19,26,22,46,45,82,44,43,82,18
2021/11/19 21:44,2021/11/19 21:44,24,43 55,44 28,44 50,26,22,46,45,83,43,43,83,19
2021/11/19 21:44,2021/11/19 21:45,30,44 32,44 58,45 13,27,22,46,45,83,44,43,84,19
2021/11/19 21:45,2021/11/19 21:45,24,45 03,45 21,45 43,26,21,46,45,83,45,45,83,19
2021/11/19 21:45,2021/11/19 21:46,37,45 26,45 51,46 07,26,22,46,45,83,45,45,81,18
2021/11/19 21:46,2021/11/19 21:47,30,45 56,46 16,46 45,26,22,46,45,83,44,44,83,19
2021/11/19 21:47,2021/11/19 21:47,30,46 21,46 53,47 14,26,22,46,45,84,43,43,84,17
2021/11/19 21:47,2021/11/19 21:47,24,46 58,47 23,47 44,26,22,46,45,82,45,46,82,20
2021/11/19 21:47,2021/11/19 21:48,25,47 27,47 53,48 08,26,23,46,46,83,44,43,83,18
2021/11/19 21:48,2021/11/19 21:48,25,47 57,48 16,48 33,26,23,46,45,82,45,46,82,19
2021/11/19 21:48,2021/11/19 21:49,25,48 21,48 41,48 58,26,22,46,45,83,42,43,83,19
2021/11/19 21:49,2021/11/19 21:49,25,48 46,49 07,49 23,26,21,46,45,84,42,43,83,19
2021/11/19 21:50,2021/11/19 21:50,0,49 36,49 57,50 14,26,22,46,45,84,44,43,83,19
2021/11/19 21:50,2021/11/19 21:50,26,50 02,50 22,50 39,27,22,46,45,84,44,44,84,19
2021/11/19 21:50,2021/11/19 21:51,30,50 26,50 47,51 04,27,22,46,45,82,43,43,82,18
2021/11/19 21:51,2021/11/19 21:52,81,52 19,52 27,52 36,26,22,46,45,83,44,43,83,18
2021/11/19 21:56,2021/11/19 21:57,73,57 17,57 25,57 35,26,22,46,45,83,44,44,83,36
2021/11/19 21:57,2021/11/19 21:58,22,57 36,57 48,57 57,27,22,46,46,83,44,44,82,37
2021/11/19 21:58,2021/11/19 21:58,30,57 55,58 05,58 16,27,22,47,46,84,44,44,84,19
2021/11/19 21:58,2021/11/19 21:59,32,58 14,58 25,58 46,26,23,46,45,82,44,44,83,19
2021/11/19 21:59,2021/11/19 21:59,33,58 33,58 54,59 18,26,22,46,45,85,43,45,83,19
2021/11/19 21:59,2021/11/19 22:00,33,58 59,59 27,59 51,26,22,46,45,84,43,45,83,18
2021/11/19 22:00,2021/11/19 22:00,32,59 31,00 00,00 24,26,22,46,45,83,43,42,84,18
2021/11/19 22:00,2021/11/19 22:01,35,00 05,00 33,00 56,26,23,46,45,84,44,43,85,20
2021/11/19 22:01,2021/11/19 22:01,32,00 37,01 05,01 31,26,22,46,45,84,44,44,83,19
2021/11/19 22:01,2021/11/19 22:02,31,01 09,01 39,02 03,26,22,46,45,83,45,45,82,19
2021/11/19 22:02,2021/11/19 22:02,31,01 44,02 12,02 34,26,21,46,45,82,43,43,82,19
2021/11/19 22:03,2021/11/19 22:03,31,02 47,03 14,03 39,26,22,46,45,84,43,43,84,19
2021/11/19 22:03,2021/11/19 22:04,56,03 18,03 48,04 10,25,22,46,45,83,42,43,84,18
2021/11/19 22:04,2021/11/19 22:05,42,03 53,04 19,05 06,26,23,46,45,83,45,45,83,19
2021/11/19 22:05,2021/11/19 22:06,66,04 24,05 15,05 48,26,22,46,45,84,43,45,82,19
2021/11/19 22:06,2021/11/19 22:07,47,05 20,05 57,06 54,27,23,46,45,82,43,44,81,19
2021/11/19 22:07,2021/11/19 22:07,32,06 02,07 02,07 41,26,23,46,45,86,42,42,85,19
2021/11/19 22:07,2021/11/19 22:09,106,07 07,07 49,08 13,26,23,46,45,83,46,45,83,19
2021/11/19 22:09,2021/11/19 22:10,70,07 53,08 22,09 59,26,22,46,45,81,44,43,82,18
2021/11/19 22:14,2021/11/19 22:16,78,15 54,16 02,16 12,26,22,46,46,85,43,44,84,19
2021/11/19 22:16,2021/11/19 22:16,22,16 13,16 25,16 34,26,22,47,46,81,45,45,81,37
2021/11/19 22:16,2021/11/19 22:17,28,16 32,16 43,16 53,27,22,47,46,83,43,43,82,19
2021/11/19 22:17,2021/11/19 22:17,24,16 52,17 02,17 21,26,22,46,45,84,43,43,84,19
2021/11/19 22:17,2021/11/19 22:17,23,17 11,17 30,17 45,27,23,46,46,85,42,42,84,19
2021/11/19 22:17,2021/11/19 22:18,22,17 35,17 54,18 08,25,23,47,46,83,44,45,83,19
2021/11/19 22:18,2021/11/19 22:18,33,17 58,18 17,18 30,26,23,47,46,83,44,44,83,19
2021/11/19 22:18,2021/11/19 22:19,21,18 22,18 39,19 03,26,22,46,46,84,42,43,83,19
2021/11/19 22:19,2021/11/19 22:19,28,18 43,19 11,19 25,26,22,47,46,83,45,43,84,19
2021/11/19 22:19,2021/11/19 22:20,22,19 16,19 33,19 52,26,22,46,46,82,44,44,83,19
2021/11/19 22:20,2021/11/19 22:20,27,19 38,20 00,20 14,26,22,47,46,84,43,43,83,19
2021/11/19 22:20,2021/11/19 22:20,21,20 05,20 22,20 41,26,23,46,45,82,44,44,82,17
2021/11/19 22:20,2021/11/19 22:21,21,20 27,20 50,21 02,27,22,47,46,83,45,45,83,19
2021/11/19 22:21,2021/11/19 22:21,22,20 55,21 10,21 23,27,23,47,46,82,43,44,82,18
2021/11/19 22:21,2021/11/19 22:21,23,21 15,21 31,21 45,26,23,46,46,83,45,45,83,18
2021/11/19 22:21,2021/11/19 22:22,31,21 36,21 54,22 08,27,23,46,46,83,43,44,82,19
2021/11/19 22:22,2021/11/19 22:22,24,21 58,22 17,22 39,26,23,46,45,84,42,43,83,17
2021/11/19 22:22,2021/11/19 22:23,25,22 22,22 47,23 03,26,23,47,46,83,43,44,83,19
2021/11/19 22:23,2021/11/19 22:23,25,22 52,23 12,23 28,26,22,46,45,84,43,44,83,19
2021/11/19 22:23,2021/11/19 22:24,28,23 17,23 37,23 53,26,23,46,45,85,44,44,83,19
2021/11/19 22:24,2021/11/19 22:25,19,23 42,24 02,25 05,26,23,46,45,83,43,43,84,18
2021/11/19 22:25,2021/11/19 22:25,20,24 07,25 14,25 48,25,21,46,45,83,44,45,83,19
2021/11/19 22:26,2021/11/19 22:26,19,25 19,25 56,26 51,26,23,46,45,82,45,45,81,19
2021/11/19 22:27,2021/11/19 22:27,19,26 01,26 59,27 44,25,22,46,45,81,44,45,81,19
2021/11/19 22:27,2021/11/19 22:28,19,27 04,27 52,28 03,26,22,47,46,84,43,44,82,19
2021/11/19 22:28,2021/11/19 22:28,19,27 57,28 11,28 23,26,23,47,46,83,43,43,83,18
2021/11/19 22:28,2021/11/19 22:29,19,28 16,28 31,29 10,26,21,46,45,84,43,43,84,18
2021/11/19 22:29,2021/11/19 22:29,19,28 36,29 18,29 29,26,22,47,46,83,44,44,83,18
2021/11/19 22:29,2021/11/19 22:30,25,29 23,29 37,29 51,27,24,47,46,81,44,44,81,18
2021/11/19 22:30,2021/11/19 22:31,19,29 42,29 59,31 00,26,22,46,45,84,43,44,83,18
2021/11/19 23:34,2021/11/19 23:35,19,30 04,31 09,35 01,34,39,46,45,84,43,43,83,19
2021/11/19 23:35,2021/11/19 23:36,19,31 13,35 09,36 04,40,43,46,45,84,43,43,84,18
2021/11/19 23:36,2021/11/19 23:44,489,35 13,36 12,36 23,34,39,47,46,82,45,45,81,19
2021/11/19 23:44,2021/11/19 23:45,63,36 16,36 31,44 32,26,22,46,45,83,44,44,83,17
2021/11/19 23:45,2021/11/19 23:50,307,50 05,50 13,50 23,26,23,46,45,82,43,43,81,37
2021/11/19 23:50,2021/11/19 23:50,22,50 24,50 36,50 45,26,22,47,46,82,44,43,83,37
2021/11/19 23:50,2021/11/19 23:51,20,50 43,50 54,51 04,27,23,47,46,85,42,42,85,19
2021/11/19 23:51,2021/11/19 23:51,30,51 02,51 13,51 24,26,23,47,46,83,43,42,83,20
2021/11/19 23:51,2021/11/19 23:52,28,51 39,51 47,51 56,26,22,46,45,85,43,44,82,18
2021/11/19 23:52,2021/11/19 23:52,42,52 27,52 35,52 44,26,22,46,46,84,43,44,83,36
2021/11/19 23:52,2021/11/19 23:53,46,52 46,52 57,53 07,26,22,47,46,83,43,43,83,37
2021/11/19 23:53,2021/11/19 23:54,35,53 05,53 15,53 50,26,22,46,45,83,44,44,82,19
2021/11/19 23:54,2021/11/19 23:54,43,53 24,53 58,54 26,25,22,46,45,84,45,45,83,19
2021/11/19 23:55,2021/11/19 23:56,19,54 03,54 34,56 10,26,22,46,45,83,43,43,81,20
2021/11/19 23:56,2021/11/19 23:57,19,54 39,56 18,56 56,26,22,46,46,82,44,44,84,17
2021/11/19 23:57,2021/11/19 23:57,19,56 22,57 05,57 35,26,22,46,45,84,43,44,83,19
2021/11/19 23:58,2021/11/19 23:59,62,58 40,58 48,58 57,26,21,46,46,82,44,44,83,19
2021/11/19 23:59,2021/11/19 23:59,38,59 17,59 25,59 35,25,21,46,45,84,43,43,84,36
2021/11/19 23:59,2021/11/20 0:00,37,59 54,00 02,00 12,26,22,46,45,84,43,44,83,37
2021/11/20 0:00,2021/11/20 0:00,37,00 32,00 40,00 49,26,22,46,45,81,45,44,81,35
2021/11/20 0:04,2021/11/20 0:05,75,05 26,05 34,05 43,26,21,46,45,83,44,44,84,37
2021/11/20 0:05,2021/11/20 0:06,23,05 45,05 56,06 06,26,21,47,46,83,43,45,83,37
2021/11/20 0:06,2021/11/20 0:06,44,06 04,06 14,06 25,27,22,47,46,84,43,43,83,19
2021/11/20 0:06,2021/11/20 0:07,50,06 23,06 34,07 10,26,22,46,45,83,44,43,83,19
2021/11/20 0:07,2021/11/20 0:08,31,06 42,07 18,07 59,26,23,46,45,84,42,43,84,19
2021/11/20 0:08,2021/11/20 0:08,35,07 23,08 07,08 31,26,22,46,45,84,43,44,83,19
2021/11/20 0:09,2021/11/20 0:10,32,08 44,09 43,09 53,26,23,46,45,84,43,43,84,18
2021/11/20 0:11,2021/11/20 0:12,70,10 06,10 30,11 28,26,22,46,45,84,43,43,84,19
2021/11/20 0:18,2021/11/20 0:26,506,26 35,26 42,26 52,25,21,46,45,83,45,44,82,19
2021/11/20 0:27,2021/11/20 0:27,34,27 12,27 23,27 34,27,23,47,46,84,42,43,84,19
2021/11/20 0:27,2021/11/20 0:28,32,27 32,27 42,28 08,26,23,46,45,84,43,44,83,19
2021/11/20 0:28,2021/11/20 0:29,36,27 51,28 16,28 40,26,22,46,45,85,42,43,84,19
2021/11/20 0:29,2021/11/20 0:29,32,28 21,28 49,29 16,26,22,46,45,84,42,43,84,19
2021/11/20 0:29,2021/11/20 0:30,47,28 53,29 25,29 48,26,22,46,46,83,43,43,83,18
2021/11/20 0:30,2021/11/20 0:31,47,29 30,29 56,30 36,26,22,46,45,83,44,43,83,19
2021/11/20 0:31,2021/11/20 0:31,37,30 01,30 44,31 22,26,23,46,45,84,42,43,83,19
2021/11/20 0:31,2021/11/20 0:32,33,30 49,31 30,31 59,26,22,46,45,83,43,44,83,18
2021/11/20 0:32,2021/11/20 0:33,83,31 35,32 07,32 32,25,23,46,45,84,43,43,84,19
2021/11/20 0:33,2021/11/20 0:34,21,32 12,32 40,33 55,26,23,46,45,84,42,43,83,18
2021/11/20 0:34,2021/11/20 0:34,29,32 45,34 03,34 16,26,22,47,46,83,44,44,83,18
2021/11/20 0:34,2021/11/20 0:35,33,34 07,34 24,34 45,26,22,46,45,83,45,45,82,18
2021/11/20 0:35,2021/11/20 0:38,205,38 06,38 14,38 24,26,22,46,45,82,44,44,82,20
2021/11/20 0:38,2021/11/20 0:38,22,38 26,38 37,38 46,26,22,47,46,83,43,43,84,37
2021/11/20 0:38,2021/11/20 0:39,19,38 45,38 55,39 05,27,23,47,46,86,42,44,83,19
2021/11/20 0:39,2021/11/20 0:39,30,39 04,39 14,39 24,26,22,48,46,84,43,43,84,19
2021/11/20 0:39,2021/11/20 0:40,29,39 23,39 33,39 54,27,23,46,45,82,44,43,83,19
2021/11/20 0:40,2021/11/20 0:40,33,39 41,40 02,40 24,26,22,46,45,83,44,45,83,19
2021/11/20 0:41,2021/11/20 0:42,48,41 45,41 53,42 02,26,22,46,45,85,42,43,83,19
2021/11/20 0:42,2021/11/20 0:42,22,42 04,42 15,42 24,26,22,47,46,84,44,43,84,37
2021/11/20 0:42,2021/11/20 0:43,30,42 42,42 52,43 08,26,23,46,45,84,44,44,84,19
2021/11/20 0:43,2021/11/20 0:44,42,43 21,43 47,44 07,26,23,46,45,84,42,42,84,19
2021/11/20 0:44,2021/11/20 0:44,24,43 52,44 15,44 48,26,22,46,45,84,43,43,84,19
2021/11/20 0:44,2021/11/20 0:45,35,44 20,44 56,45 12,26,22,47,46,84,43,45,83,19
2021/11/20 0:45,2021/11/20 0:46,37,45 01,45 21,45 47,25,21,46,45,83,44,45,83,19
2021/11/20 0:46,2021/11/20 0:46,0,45 26,45 56,46 25,26,23,46,45,85,42,43,84,19
2021/11/20 0:46,2021/11/20 0:47,33,46 00,46 33,46 52,26,23,46,45,83,44,44,83,19
2021/11/20 0:47,2021/11/20 0:47,27,46 38,47 01,47 25,26,23,46,45,83,45,45,83,18
2021/11/20 0:47,2021/11/20 0:48,29,47 06,47 33,47 52,26,23,46,45,84,43,44,84,19
2021/11/20 0:48,2021/11/20 0:48,28,47 38,48 00,48 21,26,22,46,45,84,43,44,83,19
2021/11/20 0:49,2021/11/20 0:49,29,48 34,48 58,49 21,26,22,46,45,83,44,45,83,18
2021/11/20 0:50,2021/11/20 0:50,39,49 35,49 59,50 23,26,23,46,45,83,42,44,82,19
2021/11/20 0:50,2021/11/20 0:51,25,50 04,50 32,51 02,25,22,46,45,84,43,43,84,19
2021/11/20 0:55,2021/11/20 0:56,31,50 35,51 11,55 57,26,22,46,45,83,43,44,83,19
2021/11/20 0:59,2021/11/20 1:01,96,00 48,00 56,01 05,26,23,46,45,83,44,43,83,17
2021/11/20 1:01,2021/11/20 1:01,22,01 07,01 18,01 27,26,22,47,46,85,43,45,82,37
2021/11/20 1:01,2021/11/20 1:01,20,01 26,01 36,01 46,27,23,47,46,83,43,43,83,19
2021/11/20 1:01,2021/11/20 1:02,38,01 45,01 55,02 06,27,23,47,46,84,44,43,84,19
2021/11/20 1:02,2021/11/20 1:02,26,02 04,02 14,02 44,25,22,46,45,82,43,44,83,19
2021/11/20 1:02,2021/11/20 1:03,27,02 23,02 53,03 10,26,22,46,45,84,43,43,84,19
2021/11/20 1:03,2021/11/20 1:03,29,02 57,03 18,03 37,26,22,46,45,83,43,44,83,19
2021/11/20 1:03,2021/11/20 1:04,28,03 23,03 46,04 08,26,22,46,45,85,44,45,84,18
2021/11/20 1:04,2021/11/20 1:04,30,03 49,04 17,04 36,26,22,46,45,82,45,43,83,18
2021/11/20 1:04,2021/11/20 1:05,30,04 51,04 59,05 08,26,23,46,45,84,43,44,82,19
2021/11/20 1:13,2021/11/20 1:15,91,14 57,15 05,15 14,26,22,46,45,84,43,44,82,37
2021/11/20 1:15,2021/11/20 1:15,23,15 16,15 27,15 36,26,22,47,46,82,44,44,82,37
2021/11/20 1:15,2021/11/20 1:16,19,15 35,15 45,15 55,27,22,48,46,85,43,43,84,19
2021/11/20 1:16,2021/11/20 1:16,22,15 54,16 04,16 15,27,22,47,46,83,45,45,82,19
2021/11/20 1:16,2021/11/20 1:16,26,16 13,16 23,16 37,26,23,47,46,84,43,44,83,19
2021/11/20 1:16,2021/11/20 1:17,27,16 32,16 45,17 03,26,22,46,45,84,43,44,84,19
2021/11/20 1:17,2021/11/20 1:17,24,16 51,17 11,17 30,25,22,46,45,82,44,45,82,19
2021/11/20 1:17,2021/11/20 1:18,26,17 16,17 38,17 54,26,22,47,45,83,44,44,83,19
2021/11/20 1:19,2021/11/20 1:19,30,18 08,18 29,19 19,26,22,46,45,83,46,44,83,19
2021/11/20 1:19,2021/11/20 1:20,26,18 34,19 28,19 49,26,22,46,45,83,43,44,84,19
2021/11/20 1:20,2021/11/20 1:20,26,19 32,19 57,20 15,26,23,46,45,83,43,43,82,19
2021/11/20 1:20,2021/11/20 1:20,30,20 02,20 24,20 41,26,22,46,45,83,43,44,84,19
2021/11/20 1:20,2021/11/20 1:21,45,20 28,20 50,21 11,25,22,46,45,84,43,44,82,18
2021/11/20 1:21,2021/11/20 1:22,54,20 54,21 19,21 56,26,22,46,45,83,45,44,84,18
2021/11/20 1:22,2021/11/20 1:23,27,21 24,22 05,22 50,26,22,46,46,83,43,44,83,19
2021/11/20 1:23,2021/11/20 1:23,26,22 09,22 59,23 18,25,23,46,45,85,43,44,83,17
2021/11/20 1:23,2021/11/20 1:24,32,23 04,23 26,23 43,25,22,46,46,82,45,45,82,18
2021/11/20 1:24,2021/11/20 1:24,28,23 31,23 52,24 15,26,23,46,46,81,44,44,81,19
2021/11/20 1:24,2021/11/20 1:24,28,23 56,24 23,24 43,26,22,46,45,83,44,44,84,19
2021/11/20 1:32,2021/11/20 1:33,19,24 28,24 52,32 57,26,23,46,45,84,43,43,83,19
2021/11/20 1:33,2021/11/20 1:33,19,24 56,33 06,33 22,26,24,47,46,84,43,43,84,18
2021/11/20 1:33,2021/11/20 1:33,19,33 10,33 30,33 50,26,23,46,46,83,45,46,83,18
2021/11/20 1:34,2021/11/20 1:34,19,33 34,33 58,34 16,26,22,46,46,84,42,44,81,18
2021/11/20 1:34,2021/11/20 1:34,21,34 20,34 29,34 40,26,22,46,46,83,45,43,84,20
2021/11/20 1:34,2021/11/20 1:35,65,34 39,34 48,35 02,27,24,47,46,81,44,44,83,37
2021/11/20 1:35,2021/11/20 1:36,21,35 17,35 25,36 07,26,23,46,45,84,43,43,84,19
2021/11/20 1:36,2021/11/20 1:36,44,35 36,36 16,36 28,27,23,47,46,83,44,44,83,37
2021/11/20 1:36,2021/11/20 1:37,31,36 20,36 36,37 12,26,23,46,45,84,43,43,84,19
2021/11/20 1:37,2021/11/20 1:38,34,36 40,37 20,37 43,26,23,46,45,83,45,44,82,17
2021/11/20 1:38,2021/11/20 1:38,28,37 25,37 52,38 17,25,22,46,45,83,44,44,84,20
2021/11/20 1:38,2021/11/20 1:39,38,37 56,38 26,38 45,27,23,46,45,84,42,42,84,36
2021/11/20 1:39,2021/11/20 1:39,37,38 30,38 54,39 23,26,22,46,45,84,44,44,85,18
2021/11/20 1:39,2021/11/20 1:40,32,38 58,39 32,40 00,26,22,46,45,83,43,44,82,18
2021/11/20 1:40,2021/11/20 1:41,47,39 37,40 09,40 32,26,22,46,45,84,43,43,85,18
2021/11/20 1:41,2021/11/20 1:41,36,40 13,40 40,41 19,26,23,46,45,84,43,43,84,19
2021/11/20 1:41,2021/11/20 1:42,30,40 45,41 28,41 55,26,22,46,46,83,43,44,83,17
2021/11/20 1:42,2021/11/20 1:42,37,41 32,42 04,42 25,26,23,46,45,84,44,44,84,19
2021/11/20 1:42,2021/11/20 1:43,32,42 09,42 34,43 02,26,23,46,45,82,45,45,83,18
2021/11/20 1:44,2021/11/20 1:45,19,42 37,43 11,45 11,27,23,46,45,84,43,44,83,19
2021/11/20 1:51,2021/11/20 1:52,59,52 25,52 33,52 42,26,22,46,46,84,43,44,83,17
2021/11/20 1:52,2021/11/20 1:53,23,52 44,52 55,53 05,26,22,47,46,82,44,44,83,38
2021/11/20 1:53,2021/11/20 1:53,19,53 03,53 13,53 24,27,24,47,46,83,43,43,83,19
2021/11/20 1:53,2021/11/20 1:54,34,53 22,53 32,53 43,26,24,47,46,83,44,44,83,19
2021/11/20 1:54,2021/11/20 1:54,25,53 41,53 51,54 18,27,23,46,45,85,42,44,83,19
2021/11/20 1:54,2021/11/20 1:54,30,54 00,54 26,54 42,25,24,46,46,85,42,44,84,19
2021/11/20 1:54,2021/11/20 1:55,27,54 31,54 50,55 12,26,23,46,45,83,44,43,84,19
2021/11/20 1:55,2021/11/20 1:55,29,54 55,55 20,55 39,26,22,46,45,83,43,44,83,19
2021/11/20 1:55,2021/11/20 1:56,28,55 25,55 48,56 08,26,23,46,46,83,44,45,83,18
2021/11/20 1:56,2021/11/20 1:56,29,55 53,56 17,56 36,26,22,46,45,83,45,46,82,19
2021/11/20 1:56,2021/11/20 1:57,33,56 22,56 45,57 05,26,23,46,45,83,43,43,82,19
2021/11/20 1:57,2021/11/20 1:58,43,57 18,57 47,58 05,26,23,46,45,82,43,43,82,18
2021/11/20 1:58,2021/11/20 1:58,25,57 51,58 14,58 48,26,23,46,45,84,44,43,84,19
2021/11/20 1:58,2021/11/20 1:59,31,58 18,58 57,59 13,26,22,47,45,83,43,45,82,18
2021/11/20 1:59,2021/11/20 2:00,65,59 01,59 21,59 44,25,22,46,45,83,44,44,82,18
2021/11/20 2:00,2021/11/20 2:00,21,59 25,59 53,00 49,26,22,46,45,83,45,45,83,18
2021/11/20 2:00,2021/11/20 2:02,81,01 55,02 03,02 12,26,22,46,45,82,44,44,83,20
2021/11/20 2:02,2021/11/20 2:02,23,02 14,02 25,02 35,26,22,46,46,83,45,45,82,37
2021/11/20 2:02,2021/11/20 2:02,19,02 33,02 43,02 54,27,23,47,46,83,45,44,82,19
2021/11/20 2:02,2021/11/20 2:03,27,02 52,03 02,03 13,26,23,47,46,82,44,42,84,19
2021/11/20 2:03,2021/11/20 2:03,32,03 11,03 22,03 40,26,22,46,45,82,44,44,83,19
2021/11/20 2:03,2021/11/20 2:04,51,03 30,03 49,04 12,26,23,46,45,84,44,44,83,19
2021/11/20 2:04,2021/11/20 2:06,80,03 53,04 20,05 03,26,23,46,45,84,44,44,84,19
2021/11/20 2:06,2021/11/20 2:06,28,04 25,05 11,06 23,26,22,46,46,83,43,44,84,18
2021/11/20 2:06,2021/11/20 2:07,32,05 16,06 32,06 51,26,22,46,45,83,44,44,83,19
2021/11/20 2:07,2021/11/20 2:07,31,06 37,07 00,07 23,26,23,46,45,82,43,45,83,19
2021/11/20 2:07,2021/11/20 2:08,35,07 04,07 32,07 54,26,23,46,45,84,43,43,84,19
2021/11/20 2:08,2021/11/20 2:08,32,07 37,08 02,08 29,25,22,46,45,83,44,42,83,18
2021/11/20 2:10,2021/11/20 2:11,38,11 00,11 07,11 17,26,22,46,45,83,45,44,83,19
2021/11/20 2:11,2021/11/20 2:11,22,11 19,11 30,11 39,26,22,47,46,83,43,44,82,36
2021/11/20 2:12,2021/11/20 2:12,20,11 56,12 07,12 21,26,23,47,46,84,43,43,85,19
2021/11/20 2:12,2021/11/20 2:13,33,12 15,12 29,12 41,26,23,47,46,83,43,44,83,19
2021/11/20 2:13,2021/11/20 2:13,32,12 34,12 49,13 14,25,23,46,45,85,43,43,84,19
2021/11/20 2:14,2021/11/20 2:14,37,13 27,13 55,14 18,26,22,46,46,85,43,44,84,19
2021/11/20 2:14,2021/11/20 2:15,38,14 00,14 27,14 55,26,23,46,45,82,44,44,82,19
2021/11/20 2:15,2021/11/20 2:16,38,15 08,15 41,15 54,26,24,47,46,84,45,45,83,18
2021/11/20 2:16,2021/11/20 2:16,20,15 46,16 03,16 32,26,23,46,45,83,43,44,84,19
2021/11/20 2:16,2021/11/20 2:17,23,16 07,16 41,16 52,26,23,47,46,82,44,44,82,19
2021/11/20 2:17,2021/11/20 2:17,31,17 05,17 23,17 42,26,22,46,45,82,44,43,83,18
2021/11/20 2:17,2021/11/20 2:18,40,17 28,17 50,18 13,26,22,46,45,84,43,42,84,19
2021/11/20 2:18,2021/11/20 2:19,25,17 55,18 22,18 53,27,23,46,45,83,44,44,82,19
2021/11/20 2:19,2021/11/20 2:19,40,18 27,19 02,19 18,26,22,46,45,83,43,44,83,18
2021/11/20 2:19,2021/11/20 2:20,39,19 07,19 26,19 58,25,22,46,45,83,44,44,83,18
2021/11/20 2:20,2021/11/20 2:21,60,19 31,20 07,20 37,25,23,46,45,85,43,43,84,19
2021/11/20 2:22,2021/11/20 2:22,19,20 10,20 46,22 49,26,22,46,45,84,43,44,84,18
2021/11/20 2:22,2021/11/20 2:23,24,22 57,23 04,23 14,26,23,46,45,83,43,43,82,17
2021/11/20 2:23,2021/11/20 2:23,28,23 16,23 27,23 36,26,22,47,46,83,44,44,83,36
2021/11/20 2:23,2021/11/20 2:24,33,23 35,23 45,24 01,26,23,46,46,83,43,44,82,19
2021/11/20 2:24,2021/11/20 2:24,30,23 54,24 09,24 34,26,22,46,45,83,45,44,83,20
2021/11/20 2:24,2021/11/20 2:25,32,24 14,24 43,25 04,26,22,46,45,82,44,44,83,18
2021/11/20 2:25,2021/11/20 2:25,32,24 47,25 13,25 36,25,22,46,45,83,44,44,83,19
2021/11/20 2:25,2021/11/20 2:26,32,25 17,25 45,26 08,26,22,46,45,83,44,44,83,18
2021/11/20 2:26,2021/11/20 2:26,31,25 50,26 16,26 40,26,22,46,45,83,43,43,84,18
2021/11/20 2:26,2021/11/20 2:27,34,26 21,26 49,27 11,25,22,46,45,84,44,44,83,19
2021/11/20 2:27,2021/11/20 2:28,44,26 54,27 19,27 45,26,22,46,45,82,44,44,81,18
2021/11/20 2:28,2021/11/20 2:29,53,27 24,27 53,28 29,25,22,46,45,84,44,43,84,18
2021/11/20 2:29,2021/11/20 2:30,31,28 42,29 30,29 58,25,22,46,45,83,44,44,82,19
2021/11/20 2:30,2021/11/20 2:30,43,29 35,30 06,30 29,25,22,46,45,84,43,43,84,18
2021/11/20 2:30,2021/11/20 2:31,42,30 11,30 37,31 12,26,22,46,45,82,44,44,82,19
2021/11/20 2:31,2021/11/20 2:32,43,30 42,31 20,31 54,25,22,46,45,84,43,44,83,19
2021/11/20 2:32,2021/11/20 2:33,83,31 25,32 03,32 37,26,22,46,45,82,44,44,83,19
2021/11/20 2:35,2021/11/20 2:36,56,34 14,34 55,35 36,25,22,46,45,83,44,43,84,18
2021/11/20 2:36,2021/11/20 2:37,51,35 00,35 45,36 32,26,23,46,45,83,44,44,83,19
2021/11/20 2:37,2021/11/20 2:38,71,35 50,36 40,37 23,26,22,46,45,83,44,45,82,18
2021/11/20 2:38,2021/11/20 2:39,68,36 45,37 32,38 35,26,23,46,45,84,44,44,83,18
2021/11/20 2:39,2021/11/20 2:40,50,37 37,38 43,39 42,26,23,46,45,84,42,43,84,19
2021/11/20 2:40,2021/11/20 2:41,44,38 48,39 50,40 32,25,22,46,45,83,44,44,83,19
2021/11/20 2:41,2021/11/20 2:41,48,39 55,40 41,41 16,26,23,46,46,83,44,44,84,18
2021/11/20 2:41,2021/11/20 2:42,43,40 45,41 24,42 04,26,22,46,45,83,44,45,81,17
2021/11/20 2:42,2021/11/20 2:43,39,41 29,42 12,42 47,26,23,46,45,83,44,44,83,18
2021/11/20 2:43,2021/11/20 2:43,40,42 17,42 56,43 26,26,23,46,45,85,44,44,83,19
2021/11/20 2:43,2021/11/20 2:44,45,43 01,43 35,44 07,25,22,46,45,83,43,43,83,19
2021/11/20 2:44,2021/11/20 2:45,80,43 39,44 15,44 51,25,22,46,45,85,42,44,84,19
2021/11/20 2:45,2021/11/20 2:47,73,44 20,44 59,46 11,26,24,46,45,85,42,43,84,17
2021/11/20 2:47,2021/11/20 2:48,64,45 04,46 20,47 24,26,23,46,45,83,43,43,83,19
2021/11/20 2:48,2021/11/20 2:49,49,46 25,47 32,48 28,25,23,46,45,83,45,45,83,18
2021/11/20 2:49,2021/11/20 2:50,37,48 41,49 26,50 09,26,23,46,45,84,43,44,83,19
2021/11/20 2:50,2021/11/20 2:51,41,49 31,50 17,50 46,26,22,46,45,82,46,44,82,19
2021/11/20 2:51,2021/11/20 2:51,36,50 22,50 55,51 28,25,22,46,45,82,44,43,82,19
2021/11/20 2:51,2021/11/20 2:52,54,51 00,51 36,52 03,25,22,46,45,83,45,44,84,17
2021/11/20 2:52,2021/11/20 2:53,35,51 41,52 11,52 57,26,22,46,45,82,44,45,81,19
2021/11/20 2:53,2021/11/20 2:54,43,52 16,53 05,53 32,26,23,46,45,84,42,43,83,18
2021/11/20 2:54,2021/11/20 2:54,23,53 10,53 41,54 37,26,23,46,45,84,43,43,83,19
2021/11/20 2:54,2021/11/20 2:55,60,53 45,54 45,55 00,26,23,46,45,84,42,43,83,19
2021/11/20 2:55,2021/11/20 2:56,38,54 50,55 08,56 00,26,24,46,45,82,44,44,82,18
2021/11/20 2:56,2021/11/20 2:57,45,55 13,56 09,56 38,26,23,46,45,84,44,44,83,19
2021/11/20 2:57,2021/11/20 2:57,45,56 14,56 47,57 23,26,23,46,45,84,43,43,84,19
2021/11/20 2:57,2021/11/20 2:59,74,56 51,57 32,58 08,26,22,46,45,83,44,43,83,18
2021/11/20 2:59,2021/11/20 3:01,157,57 37,58 17,59 23,25,23,46,45,83,44,44,83,18
2021/11/20 3:01,2021/11/20 3:03,133,58 21,59 31,01 59,26,23,46,45,84,43,43,83,19
2021/11/20 3:03,2021/11/20 3:04,57,59 36,02 08,04 13,26,23,46,45,81,44,43,82,17
2021/11/20 3:04,2021/11/20 3:05,38,02 12,04 21,05 10,26,23,46,45,83,44,44,84,19
2021/11/20 3:05,2021/11/20 3:06,39,04 26,05 18,05 47,26,23,46,45,84,42,43,83,17
2021/11/20 3:06,2021/11/20 3:06,33,05 23,05 55,06 26,25,22,46,45,83,44,44,84,19
2021/11/20 3:06,2021/11/20 3:07,52,06 00,06 35,06 59,26,23,46,45,82,44,44,82,19
2021/11/20 3:07,2021/11/20 3:08,37,06 40,07 08,07 51,26,23,46,45,85,43,43,84,19
2021/11/20 3:08,2021/11/20 3:08,32,07 13,07 59,08 28,26,22,46,45,84,43,44,83,19
2021/11/20 3:08,2021/11/20 3:09,33,08 04,08 37,09 00,26,22,46,45,84,43,43,85,18
2021/11/20 3:09,2021/11/20 3:09,38,08 42,09 08,09 33,26,22,46,45,83,45,44,82,18
2021/11/20 3:09,2021/11/20 3:10,31,09 13,09 42,10 11,26,22,46,45,82,45,44,83,18
2021/11/20 3:10,2021/11/20 3:11,39,09 47,10 19,10 42,25,22,46,45,81,45,44,82,19
2021/11/20 3:11,2021/11/20 3:11,33,10 24,10 51,11 21,26,23,46,45,85,43,43,84,18
2021/11/20 3:11,2021/11/20 3:12,34,10 56,11 29,11 54,26,22,46,45,83,43,43,83,19
2021/11/20 3:12,2021/11/20 3:12,34,11 34,12 02,12 28,26,22,46,45,85,43,43,84,18
2021/11/20 3:12,2021/11/20 3:13,31,12 07,12 36,13 02,26,23,46,45,82,45,43,83,19
2021/11/20 3:13,2021/11/20 3:14,35,13 15,13 41,14 09,26,22,46,45,83,44,44,84,19
2021/11/20 3:14,2021/11/20 3:15,48,13 46,14 18,14 44,26,22,46,45,83,44,43,83,19
2021/11/20 3:15,2021/11/20 3:15,31,14 23,14 53,15 32,25,22,46,46,83,44,45,84,19
2021/11/20 3:15,2021/11/20 3:16,31,14 58,15 41,16 03,26,22,46,45,82,44,45,81,18
2021/11/20 3:16,2021/11/20 3:16,31,15 45,16 11,16 34,25,22,46,45,83,43,42,84,19
2021/11/20 3:17,2021/11/20 3:17,27,16 47,17 14,17 35,25,23,46,46,85,42,42,84,19
2021/11/20 3:17,2021/11/20 3:18,32,17 19,17 43,18 01,26,22,46,46,83,43,45,83,19
2021/11/20 3:18,2021/11/20 3:18,38,17 48,18 09,18 33,26,22,46,45,83,44,45,83,19
2021/11/20 3:18,2021/11/20 3:19,40,18 14,18 42,19 11,26,23,46,45,85,42,43,84,19
2021/11/20 3:19,2021/11/20 3:20,28,18 46,19 19,19 51,26,22,46,45,84,43,44,83,18
2021/11/20 3:20,2021/11/20 3:20,31,19 24,20 00,20 19,25,23,46,45,83,44,44,83,18
2021/11/20 3:20,2021/11/20 3:21,57,20 05,20 27,20 50,25,23,46,45,83,45,44,83,19
2021/11/20 3:21,2021/11/20 3:22,27,20 32,20 59,21 48,26,23,46,45,83,44,44,83,19
2021/11/20 3:22,2021/11/20 3:22,31,21 03,21 56,22 14,26,23,46,46,82,43,43,82,18
2021/11/20 3:22,2021/11/20 3:23,37,22 01,22 23,22 45,26,22,46,45,84,43,44,83,18
2021/11/20 3:23,2021/11/20 3:23,32,22 27,22 53,23 22,25,22,46,45,84,43,43,84,19
2021/11/20 3:23,2021/11/20 3:24,34,22 58,23 30,23 54,26,22,46,45,83,44,44,83,17
2021/11/20 3:24,2021/11/20 3:24,38,23 35,24 03,24 28,26,22,46,45,82,45,45,83,19
2021/11/20 3:24,2021/11/20 3:25,33,24 08,24 36,25 06,26,22,46,45,83,44,43,83,19
2021/11/20 3:25,2021/11/20 3:25,34,24 41,25 14,25 39,26,22,46,45,83,44,43,82,18
2021/11/20 3:25,2021/11/20 3:26,29,25 19,25 48,26 13,26,23,46,46,83,44,44,83,19
2021/11/20 3:26,2021/11/20 3:27,34,25 51,26 21,26 42,26,23,46,45,83,44,43,84,7
2021/11/20 3:27,2021/11/20 3:28,72,27 51,27 59,28 09,26,22,46,45,85,42,42,84,0
2021/11/20 3:28,2021/11/20 3:28,22,28 10,28 22,28 31,27,22,46,46,83,44,43,84,36
2021/11/20 3:28,2021/11/20 3:29,33,28 29,28 40,28 51,26,23,47,46,84,44,44,84,19
2021/11/20 3:29,2021/11/20 3:29,32,28 48,28 59,29 23,26,23,46,45,82,44,44,82,19
2021/11/20 3:30,2021/11/20 3:30,41,29 36,30 03,30 27,26,22,46,45,83,45,46,83,19
2021/11/20 3:30,2021/11/20 3:31,41,30 08,30 36,31 09,26,23,46,45,82,44,45,82,19
2021/11/20 3:31,2021/11/20 3:32,53,30 41,31 17,31 49,26,22,46,45,82,45,45,82,19
2021/11/20 3:32,2021/11/20 3:33,41,31 22,31 58,32 42,26,22,46,45,83,43,43,83,17
2021/11/20 3:33,2021/11/20 3:33,37,32 03,32 51,33 23,25,21,46,45,84,44,43,83,19
2021/11/20 3:33,2021/11/20 3:34,40,32 55,33 32,34 01,26,22,46,45,82,44,43,84,17
2021/11/20 3:34,2021/11/20 3:35,57,33 37,34 09,34 40,26,22,46,45,84,43,43,84,18
2021/11/20 3:35,2021/11/20 3:35,34,34 14,34 48,35 37,26,22,46,45,82,43,43,83,18
2021/11/20 3:36,2021/11/20 3:37,52,35 51,36 20,36 45,26,23,46,46,85,42,43,83,18
2021/11/20 3:37,2021/11/20 3:38,52,36 24,36 54,37 38,26,22,46,45,84,42,43,84,18
2021/11/20 3:38,2021/11/20 3:38,36,36 59,37 46,38 29,26,23,46,45,84,43,43,84,18
2021/11/20 3:38,2021/11/20 3:40,78,37 51,38 38,39 05,25,23,46,45,84,43,43,84,18
2021/11/20 3:40,2021/11/20 3:40,40,38 43,39 13,40 24,26,22,46,45,85,43,43,83,19
2021/11/20 3:40,2021/11/20 3:41,28,39 18,40 32,41 04,26,22,46,45,83,44,44,82,18
2021/11/20 3:41,2021/11/20 3:41,36,40 37,41 12,41 31,26,24,46,45,83,44,44,83,19
2021/11/20 3:41,2021/11/20 3:42,59,41 17,41 39,42 07,25,23,46,45,83,44,44,83,19
2021/11/20 3:42,2021/11/20 3:43,38,41 44,42 15,43 06,26,22,46,45,82,44,43,83,19
2021/11/20 3:43,2021/11/20 3:44,45,42 20,43 14,43 45,26,23,46,45,84,42,43,84,18
2021/11/20 3:44,2021/11/20 3:44,44,43 19,43 53,44 29,26,23,46,45,84,43,44,83,19
2021/11/20 3:44,2021/11/20 3:45,54,43 58,44 37,45 13,26,22,46,45,84,44,43,84,19
2021/11/20 3:45,2021/11/20 3:47,70,44 42,45 21,46 08,26,23,46,45,84,44,45,84,19
2021/11/20 3:47,2021/11/20 3:48,41,46 21,47 25,47 44,26,22,46,45,83,44,44,83,19
2021/11/20 3:48,2021/11/20 3:48,26,47 30,47 52,48 25,25,22,46,45,84,44,44,84,19
2021/11/20 3:48,2021/11/20 3:49,34,47 57,48 34,48 51,26,23,46,45,82,44,44,82,19
2021/11/20 3:49,2021/11/20 3:50,38,49 05,49 33,50 02,26,22,46,45,83,43,43,84,18
2021/11/20 3:50,2021/11/20 3:51,37,49 38,50 11,50 40,26,22,46,45,83,43,43,84,18
2021/11/20 3:51,2021/11/20 3:51,42,50 15,50 48,51 18,26,22,45,45,84,44,46,83,19
2021/11/20 3:51,2021/11/20 3:52,42,50 53,51 26,51 59,27,22,46,45,82,44,44,83,18
2021/11/20 3:52,2021/11/20 3:53,33,51 31,52 08,52 41,26,23,46,45,83,43,43,83,19
2021/11/20 3:53,2021/11/20 3:53,34,52 12,52 50,53 14,26,22,46,45,83,44,44,83,19
2021/11/20 3:53,2021/11/20 3:54,32,52 54,53 22,53 48,26,23,46,45,84,44,44,83,17
2021/11/20 3:54,2021/11/20 3:54,40,53 27,53 56,54 21,26,22,46,45,84,43,43,83,18
2021/11/20 3:55,2021/11/20 3:56,35,54 34,55 09,55 40,26,23,46,45,84,42,43,83,19
2021/11/20 3:56,2021/11/20 3:56,28,55 14,55 48,56 15,26,22,46,45,84,43,43,83,18
2021/11/20 3:56,2021/11/20 3:56,28,55 53,56 24,56 44,26,23,46,46,83,43,43,84,18
2021/11/20 3:56,2021/11/20 3:57,43,56 29,56 52,57 11,26,24,46,45,83,43,43,82,19
2021/11/20 3:57,2021/11/20 3:58,28,56 57,57 20,57 54,25,22,46,45,84,44,44,85,18
2021/11/20 3:58,2021/11/20 3:58,24,57 24,58 03,58 22,26,23,46,45,84,43,43,84,19
2021/11/20 3:58,2021/11/20 3:58,26,58 07,58 31,58 46,26,23,47,46,83,43,43,83,18
2021/11/20 3:58,2021/11/20 3:59,28,58 36,58 54,59 12,26,22,46,45,84,44,44,84,18
2021/11/20 3:59,2021/11/20 4:00,40,58 59,59 20,59 40,26,22,46,45,83,44,44,83,18
2021/11/20 4:00,2021/11/20 4:00,29,59 25,59 48,00 20,26,23,46,45,84,43,43,84,19
2021/11/20 4:00,2021/11/20 4:01,25,59 53,00 29,00 49,26,23,46,45,82,45,45,82,19
2021/11/20 4:01,2021/11/20 4:01,27,00 33,00 57,01 14,26,22,46,45,83,43,44,83,19
2021/11/20 4:01,2021/11/20 4:01,26,01 02,01 22,01 41,26,22,46,45,85,42,43,84,18
2021/11/20 4:02,2021/11/20 4:02,28,01 54,02 15,02 36,26,22,46,45,84,42,43,84,19
2021/11/20 4:03,2021/11/20 4:03,19,02 20,02 45,03 23,26,22,46,45,84,43,43,84,19
2021/11/20 4:04,2021/11/20 4:08,232,03 36,04 15,04 26,26,23,47,46,84,43,44,83,18
2021/11/20 4:08,2021/11/20 4:08,35,04 19,04 34,08 17,26,22,46,45,85,44,43,84,18
2021/11/20 4:08,2021/11/20 4:09,81,04 39,08 26,08 52,26,22,46,45,82,43,44,82,18
2021/11/20 4:09,2021/11/20 4:10,23,08 31,10 07,10 17,26,22,46,45,83,43,43,83,18
2021/11/20 4:10,2021/11/20 4:10,19,10 12,10 25,10 36,27,22,47,46,85,42,42,84,18
2021/11/20 4:10,2021/11/20 4:11,29,10 31,10 44,10 55,26,22,47,46,83,44,44,83,19
2021/11/20 4:11,2021/11/20 4:11,38,10 50,11 03,11 24,25,22,46,45,83,44,45,83,18
2021/11/20 4:11,2021/11/20 4:12,46,11 09,11 32,12 02,26,22,46,45,83,44,44,82,19
2021/11/20 4:12,2021/11/20 4:13,46,11 37,12 11,12 48,25,22,46,46,83,45,44,82,19
2021/11/20 4:13,2021/11/20 4:13,33,12 15,12 57,13 34,26,22,46,45,84,43,43,83,19
2021/11/20 4:13,2021/11/20 4:14,30,13 01,13 42,14 07,25,22,46,45,83,43,43,83,19
2021/11/20 4:14,2021/11/20 4:15,37,13 47,14 15,14 38,26,23,46,45,83,44,44,83,18
2021/11/20 4:15,2021/11/20 4:15,35,14 20,14 46,15 14,26,22,46,45,84,43,44,83,19
2021/11/20 4:15,2021/11/20 4:16,31,14 51,15 23,15 49,26,22,46,45,83,44,44,82,19
2021/11/20 4:16,2021/11/20 4:16,31,15 27,15 57,16 21,25,22,46,45,83,44,44,83,18
2021/11/20 4:16,2021/11/20 4:17,36,16 02,16 29,16 52,26,22,46,45,85,42,43,84,19
2021/11/20 4:17,2021/11/20 4:18,39,17 05,17 36,18 00,26,22,46,45,84,43,44,83,18
2021/11/20 4:18,2021/11/20 4:18,29,17 40,18 08,18 38,26,22,46,45,83,45,44,83,18
2021/11/20 4:18,2021/11/20 4:19,41,18 13,18 46,19 08,26,22,46,45,81,44,43,83,19
2021/11/20 4:19,2021/11/20 4:20,32,18 51,19 16,19 48,26,22,46,45,84,42,43,84,19
2021/11/20 4:20,2021/11/20 4:20,44,19 21,19 56,20 20,26,22,46,45,84,43,44,84,18
2021/11/20 4:20,2021/11/20 4:21,35,20 01,20 29,21 04,26,22,46,45,84,45,43,83,18
2021/11/20 4:21,2021/11/20 4:21,32,20 34,21 13,21 40,26,22,46,45,83,44,44,83,19
2021/11/20 4:22,2021/11/20 4:23,46,21 53,22 20,22 39,26,22,46,45,83,45,45,83,18
2021/11/20 4:23,2021/11/20 4:23,36,22 25,22 47,23 25,25,22,46,45,84,43,43,83,18
2021/11/20 4:23,2021/11/20 4:24,35,22 52,23 33,24 01,26,23,46,45,82,44,44,83,18
2021/11/20 4:24,2021/11/20 4:25,66,23 38,24 10,24 36,26,22,46,45,83,45,45,83,19
2021/11/20 4:25,2021/11/20 4:25,28,24 15,24 45,25 42,26,23,46,45,83,44,44,83,19
2021/11/20 4:25,2021/11/20 4:26,31,24 49,25 50,26 10,26,22,46,45,83,43,43,83,18
2021/11/20 4:26,2021/11/20 4:26,32,25 55,26 18,26 41,26,22,46,45,84,44,45,83,19
2021/11/20 4:26,2021/11/20 4:27,31,26 23,26 50,27 14,25,22,46,45,83,43,44,82,19
2021/11/20 4:27,2021/11/20 4:28,30,26 55,27 22,27 44,26,22,46,45,83,44,44,82,19
2021/11/20 4:28,2021/11/20 4:28,26,27 27,27 53,28 14,26,22,46,45,85,43,44,84,18
2021/11/20 4:28,2021/11/20 4:29,52,27 58,28 23,28 41,25,22,46,45,82,45,45,81,19
2021/11/20 4:29,2021/11/20 4:29,29,28 27,28 49,29 33,26,22,46,45,82,44,44,82,17
2021/11/20 4:29,2021/11/20 4:30,40,28 54,29 41,30 01,26,22,46,45,82,45,45,83,19
2021/11/20 4:30,2021/11/20 4:31,42,29 46,30 09,30 41,25,22,46,45,82,44,44,83,19
2021/11/20 4:31,2021/11/20 4:31,28,30 13,30 50,31 23,26,23,46,45,84,44,45,83,17
2021/11/20 4:31,2021/11/20 4:32,34,31 16,31 31,31 52,26,22,46,45,81,45,44,81,20
2021/11/20 4:32,2021/11/20 4:32,33,31 36,32 00,32 25,25,22,45,45,83,44,43,83,37
2021/11/20 4:32,2021/11/20 4:33,24,32 05,32 34,32 58,26,22,46,45,83,44,45,83,19
2021/11/20 4:33,2021/11/20 4:33,31,32 38,33 06,33 22,26,22,46,45,83,44,43,83,19
2021/11/20 4:33,2021/11/20 4:34,33,33 11,33 31,33 53,26,22,45,45,84,43,43,84,18
2021/11/20 4:34,2021/11/20 4:34,26,33 35,34 01,34 26,26,23,46,45,84,43,42,84,19
2021/11/20 4:35,2021/11/20 4:35,29,34 39,35 00,35 21,26,23,46,45,83,45,44,84,19
2021/11/20 4:35,2021/11/20 4:36,28,35 05,35 30,35 50,26,23,46,45,83,43,44,82,19
2021/11/20 4:36,2021/11/20 4:37,84,35 34,35 59,36 18,25,22,46,45,83,43,43,83,19
2021/11/20 4:37,2021/11/20 4:37,25,36 03,36 27,37 42,26,22,46,45,83,43,43,83,19
2021/11/20 4:37,2021/11/20 4:38,31,36 32,37 50,38 08,25,22,46,46,83,43,44,83,19
2021/11/20 4:38,2021/11/20 4:39,48,37 55,38 16,38 38,26,22,46,45,82,44,44,82,18
2021/11/20 4:39,2021/11/20 4:40,54,38 21,38 46,39 26,26,22,46,45,85,43,43,84,19
2021/11/20 4:40,2021/11/20 4:40,23,38 51,39 34,40 20,26,22,46,45,82,43,44,82,18
2021/11/20 4:40,2021/11/20 4:40,28,39 39,40 28,40 43,26,23,46,46,84,43,43,83,19
2021/11/20 4:40,2021/11/20 4:41,31,40 33,40 52,41 11,26,22,46,46,84,42,43,84,19
2021/11/20 4:41,2021/11/20 4:42,72,40 56,41 20,41 43,26,23,46,46,83,43,43,84,19
2021/11/20 4:42,2021/11/20 4:42,19,41 24,41 51,42 54,26,23,46,45,85,43,43,84,19
2021/11/20 4:43,2021/11/20 4:43,25,43 08,43 22,43 43,26,24,46,45,83,45,44,83,19
2021/11/20 4:43,2021/11/20 4:44,28,43 27,43 52,44 08,26,22,46,46,83,44,44,82,18
2021/11/20 4:44,2021/11/20 4:44,31,43 56,44 16,44 36,26,22,46,45,82,44,44,82,18
2021/11/20 4:44,2021/11/20 4:45,26,44 21,44 44,45 07,26,22,46,45,84,42,44,84,18
2021/11/20 4:45,2021/11/20 4:46,45,44 49,45 16,45 33,26,22,46,45,84,43,43,83,19
2021/11/20 4:46,2021/11/20 4:46,29,45 20,45 42,46 18,26,22,46,45,84,44,45,83,19
2021/11/20 4:46,2021/11/20 4:47,27,45 46,46 27,46 47,26,22,46,45,83,44,44,82,18
2021/11/20 4:47,2021/11/20 4:47,30,46 31,46 56,47 14,26,23,46,46,84,43,43,84,18
2021/11/20 4:47,2021/11/20 4:47,28,47 01,47 23,47 44,26,23,46,45,84,43,43,83,18
2021/11/20 4:47,2021/11/20 4:48,34,47 27,47 53,48 13,26,22,46,45,83,44,43,83,18
2021/11/20 4:49,2021/11/20 4:49,0,47 58,48 21,48 46,26,23,45,45,83,45,44,84,18
2021/11/20 4:49,2021/11/20 4:49,36,48 26,48 55,49 21,26,23,45,45,83,45,44,84,18
2021/11/20 4:49,2021/11/20 4:50,29,48 59,49 30,49 57,26,23,45,45,81,44,44,82,18
2021/11/20 4:50,2021/11/20 4:50,30,49 35,50 06,50 26,25,22,46,45,85,42,42,85,18
2021/11/20 4:50,2021/11/20 4:51,30,50 10,50 34,50 56,26,22,46,45,84,45,44,83,18
2021/11/20 4:51,2021/11/20 4:51,0,50 39,51 05,51 26,26,23,46,45,84,43,45,83,18
2021/11/20 4:51,2021/11/20 4:53,88,51 09,51 34,52 06,26,22,46,45,85,42,43,83,18
2021/11/20 4:53,2021/11/20 4:53,21,51 39,52 14,53 34,26,23,46,45,84,43,43,84,19
2021/11/20 4:54,2021/11/20 4:54,46,53 47,54 02,54 21,26,23,46,46,82,43,44,82,18
2021/11/20 4:54,2021/11/20 4:56,80,54 07,54 30,55 08,26,23,46,45,84,43,45,84,19
2021/11/20 4:56,2021/11/20 4:57,24,55 21,56 36,56 57,26,22,46,46,83,44,44,81,18
2021/11/20 4:57,2021/11/20 4:57,29,56 41,57 06,57 21,26,22,46,45,84,42,43,84,18
2021/11/20 4:57,2021/11/20 4:58,39,57 10,57 30,57 50,26,22,46,45,85,42,43,83,18
2021/11/20 4:58,2021/11/20 4:58,27,57 34,57 59,58 29,26,22,46,45,84,42,43,84,18
2021/11/20 4:59,2021/11/20 5:00,19,58 42,59 05,00 09,26,23,46,45,83,43,44,83,18
2021/11/20 5:00,2021/11/20 5:01,47,59 09,00 17,00 28,27,23,47,46,83,45,43,83,19
2021/11/20 5:01,2021/11/20 5:01,38,00 22,00 37,01 16,26,23,46,45,83,43,42,83,19
2021/11/20 5:01,2021/11/20 5:02,35,00 42,01 24,01 53,25,22,46,45,83,43,44,83,19
2021/11/20 5:02,2021/11/20 5:02,35,01 29,02 01,02 28,26,22,46,45,83,44,43,83,18
2021/11/20 5:02,2021/11/20 5:03,37,02 06,02 37,03 04,26,23,46,45,85,42,43,84,18
2021/11/20 5:03,2021/11/20 5:04,36,02 41,03 12,03 41,25,22,46,45,84,43,45,83,19
2021/11/20 5:04,2021/11/20 5:04,39,03 17,03 49,04 16,26,23,46,45,85,43,43,83,18
2021/11/20 5:04,2021/11/20 5:05,47,03 54,04 25,04 55,26,22,46,45,84,44,43,84,18
2021/11/20 5:05,2021/11/20 5:06,40,04 29,05 03,05 42,26,23,46,45,84,43,44,83,18
2021/11/20 5:06,2021/11/20 5:07,49,05 55,06 30,07 12,26,23,46,45,83,43,44,83,19
2021/11/20 5:07,2021/11/20 5:08,55,06 35,07 21,08 01,26,22,46,45,82,45,45,82,17
2021/11/20 5:08,2021/11/20 5:09,51,07 25,08 10,08 56,27,23,46,45,83,43,44,83,18
2021/11/20 5:09,2021/11/20 5:10,48,08 14,09 04,09 47,26,23,46,45,84,43,43,84,18
2021/11/20 5:10,2021/11/20 5:11,48,09 09,09 55,10 35,26,22,46,45,84,44,44,83,18
2021/11/20 5:11,2021/11/20 5:11,49,10 00,10 44,11 24,26,22,46,45,84,42,43,84,19
2021/11/20 5:11,2021/11/20 5:12,42,10 48,11 32,12 12,26,22,46,45,84,43,44,83,19
2021/11/20 5:12,2021/11/20 5:13,41,11 37,12 20,12 54,26,22,46,45,83,44,44,82,17
2021/11/20 5:13,2021/11/20 5:14,57,12 25,13 03,13 35,26,23,46,45,82,45,45,81,18
2021/11/20 5:14,2021/11/20 5:15,46,13 07,13 43,14 32,25,22,46,45,82,43,43,83,19
2021/11/20 5:15,2021/11/20 5:34,1150,13 48,14 41,15 18,26,22,46,45,83,44,43,83,17
2021/11/20 5:34,2021/11/20 5:35,77,14 45,15 27,34 28,26,22,46,45,83,43,43,83,19
2021/11/20 5:35,2021/11/20 5:36,57,15 31,34 37,35 45,25,22,46,45,83,44,42,84,19
2021/11/20 5:45,2021/11/20 5:46,65,35 57,36 51,45 53,26,22,46,45,84,44,42,84,19
2021/11/20 5:46,2021/11/20 5:47,62,47 22,47 30,47 40,26,23,46,46,83,43,43,83,19
2021/11/20 5:47,2021/11/20 5:48,73,48 35,48 43,48 53,25,22,46,45,84,43,44,83,37
2021/11/20 5:48,2021/11/20 5:49,41,49 17,49 25,49 34,26,23,46,46,83,44,44,83,37
2021/11/20 5:49,2021/11/20 5:50,61,50 17,50 25,50 35,26,23,46,46,83,44,45,82,36
2021/11/20 5:50,2021/11/20 5:51,44,51 01,51 09,51 19,26,22,46,45,83,44,44,83,36
2021/11/20 5:51,2021/11/20 5:52,40,51 42,51 50,51 59,25,21,46,45,83,44,44,83,37
2021/11/20 5:52,2021/11/20 5:52,19,52 00,52 08,52 18,26,23,47,46,83,44,44,82,37
2021/11/20 5:52,2021/11/20 5:53,48,52 48,52 56,53 06,26,22,46,45,83,44,45,83,19
2021/11/20 5:53,2021/11/20 5:53,37,53 25,53 33,53 43,25,22,46,45,83,44,44,82,37
2021/11/20 5:54,2021/11/20 5:55,43,54 46,54 54,55 04,25,22,46,45,85,42,43,84,37
2021/11/20 5:55,2021/11/20 5:55,22,55 05,55 17,55 26,26,22,46,46,83,44,43,83,37
2021/11/20 5:55,2021/11/20 5:55,20,55 24,55 35,55 45,27,23,47,46,84,43,44,84,19
2021/11/20 5:55,2021/11/20 5:56,35,55 44,55 54,56 05,26,22,47,46,83,44,42,84,19
2021/11/20 5:56,2021/11/20 5:56,33,56 03,56 14,56 40,26,23,46,45,83,45,44,83,19
2021/11/20 5:56,2021/11/20 5:57,33,56 22,56 48,57 13,26,22,46,45,83,45,46,82,19
2021/11/20 5:57,2021/11/20 5:58,35,56 53,57 22,57 46,26,22,46,45,83,42,43,82,19
2021/11/20 5:58,2021/11/20 5:58,39,57 27,57 55,58 21,26,22,46,45,84,43,43,83,18
2021/11/20 5:58,2021/11/20 5:59,53,58 00,58 29,59 00,25,22,46,45,83,45,46,82,19
2021/11/20 5:59,2021/11/20 6:00,39,58 34,59 09,59 53,26,22,46,45,82,43,44,82,18
2021/11/20 6:00,2021/11/20 6:00,32,59 13,00 02,00 32,26,21,46,45,82,44,44,83,19
2021/11/20 6:00,2021/11/20 6:01,37,00 06,00 41,01 04,26,23,46,45,84,43,44,83,18
2021/11/20 6:02,2021/11/20 6:02,28,01 17,01 50,02 16,26,23,46,45,83,44,44,84,19
2021/11/20 6:02,2021/11/20 6:02,25,01 54,02 24,02 45,26,23,46,45,85,42,43,84,19
2021/11/20 6:02,2021/11/20 6:03,29,02 29,02 53,03 09,26,23,46,46,84,44,42,84,19
2021/11/20 6:03,2021/11/20 6:03,27,02 58,03 18,03 39,26,22,46,45,84,42,43,84,19
2021/11/20 6:03,2021/11/20 6:04,36,03 22,03 47,04 06,26,22,46,45,83,44,44,84,17
2021/11/20 6:04,2021/11/20 6:05,35,03 52,04 14,04 42,26,22,46,45,85,43,43,83,19
2021/11/20 6:05,2021/11/20 6:06,37,04 55,05 24,05 45,26,23,46,45,82,44,43,82,18
2021/11/20 6:06,2021/11/20 6:06,32,05 29,05 54,06 22,26,22,46,45,83,45,45,83,18
2021/11/20 6:06,2021/11/20 6:07,51,05 58,06 30,06 54,26,22,46,45,83,44,44,83,18
2021/11/20 6:07,2021/11/20 6:07,23,06 35,07 02,07 45,25,23,46,45,83,44,44,83,19
2021/11/20 6:07,2021/11/20 6:08,25,07 07,07 53,08 08,26,22,47,45,83,45,45,83,18
2021/11/20 6:08,2021/11/20 6:08,25,07 58,08 17,08 33,26,22,46,45,83,43,43,83,19
2021/11/20 6:08,2021/11/20 6:09,27,08 21,08 42,08 58,26,23,46,46,83,45,44,83,19
2021/11/20 6:09,2021/11/20 6:09,23,08 46,09 07,09 25,26,22,46,45,83,44,44,83,18
2021/11/20 6:09,2021/11/20 6:11,95,09 11,09 33,09 48,26,23,46,45,84,43,43,84,19
2021/11/20 6:11,2021/11/20 6:12,33,10 01,11 32,12 04,26,23,46,45,82,45,45,82,18
2021/11/20 6:12,2021/11/20 6:13,38,11 37,12 12,12 37,26,22,46,45,82,44,44,82,19
2021/11/20 6:13,2021/11/20 6:13,38,12 17,12 46,13 15,26,23,46,45,83,43,43,84,18
2021/11/20 6:13,2021/11/20 6:14,37,12 51,13 24,13 53,26,23,46,45,84,42,43,84,19
2021/11/20 6:14,2021/11/20 6:15,33,14 06,14 39,15 02,26,22,46,45,84,44,43,83,19
2021/11/20 6:15,2021/11/20 6:16,33,15 15,15 44,16 08,26,23,46,45,82,44,44,81,17
2021/11/20 6:17,2021/11/20 6:17,34,16 21,16 49,17 17,26,22,46,45,84,43,43,84,19
2021/11/20 6:17,2021/11/20 6:18,40,16 54,17 26,17 51,25,22,46,45,85,43,44,85,19
2021/11/20 6:18,2021/11/20 6:18,40,17 30,18 00,18 31,26,22,46,45,83,45,44,83,19
2021/11/20 6:18,2021/11/20 6:19,34,18 04,18 39,19 11,25,22,46,45,83,43,43,83,19
2021/11/20 6:20,2021/11/20 6:20,36,19 24,19 54,20 28,25,22,46,45,83,45,45,82,18
2021/11/20 6:20,2021/11/20 6:21,39,19 58,20 37,21 04,26,22,46,45,82,44,44,82,18
2021/11/20 6:21,2021/11/20 6:22,35,20 42,21 13,21 43,26,22,46,45,84,43,43,84,19
2021/11/20 6:22,2021/11/20 6:22,36,21 17,21 52,22 18,26,22,46,45,84,44,46,83,18
2021/11/20 6:22,2021/11/20 6:23,39,21 57,22 26,22 55,25,22,46,45,83,43,43,82,19
2021/11/20 6:23,2021/11/20 6:24,41,22 31,23 03,23 33,26,22,46,45,84,43,44,83,18
2021/11/20 6:24,2021/11/20 6:24,40,23 08,23 42,24 14,26,22,46,45,85,42,43,84,19
2021/11/20 6:24,2021/11/20 6:25,32,23 46,24 22,24 54,25,23,46,45,83,43,43,84,18
2021/11/20 6:25,2021/11/20 6:25,30,24 27,25 03,25 26,26,24,46,45,84,45,44,84,19
2021/11/20 6:25,2021/11/20 6:26,36,25 07,25 34,25 56,26,23,46,45,82,44,44,81,19
2021/11/20 6:26,2021/11/20 6:26,37,25 39,26 04,26 32,26,23,46,45,83,44,44,84,19
2021/11/20 6:26,2021/11/20 6:27,26,26 09,26 41,27 09,25,22,46,45,83,45,44,82,19
2021/11/20 6:27,2021/11/20 6:27,37,26 46,27 18,27 36,26,22,46,45,82,44,45,83,18
2021/11/20 6:27,2021/11/20 6:28,40,27 22,27 44,28 12,26,22,46,45,84,42,43,84,19
2021/11/20 6:28,2021/11/20 6:30,131,27 49,28 20,28 52,26,22,46,45,85,43,43,84,19
2021/11/20 6:30,2021/11/20 6:31,35,28 25,29 00,31 03,26,23,46,45,83,44,44,82,18
2021/11/20 6:31,2021/11/20 6:31,33,29 05,31 12,31 38,26,22,46,45,83,44,44,83,19
2021/11/20 6:31,2021/11/20 6:32,24,31 17,31 47,32 11,26,22,46,45,84,44,43,85,19
2021/11/20 6:32,2021/11/20 6:32,30,31 52,32 19,32 35,26,23,46,45,83,43,43,84,18
2021/11/20 6:32,2021/11/20 6:33,27,32 24,32 43,33 05,26,22,46,45,83,42,43,83,19
2021/11/20 6:33,2021/11/20 6:34,26,33 18,33 41,34 06,26,22,46,45,84,43,43,84,19
2021/11/20 6:34,2021/11/20 6:34,40,33 46,34 15,34 32,27,23,46,45,82,43,43,82,19
2021/11/20 6:34,2021/11/20 6:35,54,34 19,34 41,35 12,26,22,46,45,82,45,44,82,17
2021/11/20 6:35,2021/11/20 6:36,32,34 46,35 20,36 07,26,23,46,45,84,43,43,85,19
2021/11/20 6:36,2021/11/20 6:36,34,35 25,36 15,36 38,26,23,46,45,85,43,44,84,18
2021/11/20 6:36,2021/11/20 6:37,37,36 20,36 46,37 12,26,22,46,45,84,43,43,84,19
2021/11/20 6:37,2021/11/20 6:38,33,36 51,37 20,37 49,26,22,46,45,85,43,43,85,17
2021/11/20 6:38,2021/11/20 6:38,33,37 25,37 57,38 22,26,23,46,46,83,44,44,82,18
2021/11/20 6:38,2021/11/20 6:39,34,38 02,38 30,38 55,26,22,46,45,84,42,43,83,19
2021/11/20 6:39,2021/11/20 6:39,39,38 35,39 04,39 29,26,23,46,45,84,43,43,84,19
2021/11/20 6:39,2021/11/20 6:40,38,39 09,39 37,40 08,27,23,46,45,83,44,44,83,19
2021/11/20 6:40,2021/11/20 6:41,34,39 42,40 16,40 46,26,23,46,45,83,43,43,84,18
2021/11/20 6:41,2021/11/20 6:41,39,40 21,40 55,41 20,27,23,46,45,84,42,43,83,19
2021/11/20 6:41,2021/11/20 6:42,38,41 00,41 28,41 59,26,22,46,45,84,43,43,84,19
2021/11/20 6:42,2021/11/20 6:42,33,41 33,42 08,42 37,25,23,46,45,83,45,45,83,19
2021/11/20 6:42,2021/11/20 6:43,35,42 12,42 46,43 10,26,22,46,45,84,43,43,84,19
2021/11/20 6:43,2021/11/20 6:44,37,42 51,43 18,43 45,26,22,46,45,84,42,42,84,19
2021/11/20 6:44,2021/11/20 6:44,36,43 23,43 53,44 22,26,22,46,45,84,45,43,84,19
2021/11/20 6:44,2021/11/20 6:45,48,43 58,44 30,44 58,26,22,46,45,81,44,44,84,19
2021/11/20 6:45,2021/11/20 6:46,41,44 35,45 07,45 46,26,23,46,45,82,44,43,82,19
2021/11/20 6:46,2021/11/20 6:46,34,45 12,45 54,46 27,26,23,46,45,85,43,43,85,18
2021/11/20 6:46,2021/11/20 6:47,34,45 59,46 35,47 01,26,23,46,45,82,45,45,82,18
2021/11/20 6:47,2021/11/20 6:47,38,46 40,47 10,47 35,27,22,46,45,82,44,43,83,19
2021/11/20 6:47,2021/11/20 6:48,34,47 14,47 44,48 13,26,22,46,45,85,42,43,84,18
2021/11/20 6:48,2021/11/20 6:49,33,47 48,48 21,48 47,25,22,46,45,83,43,43,83,19
2021/11/20 6:49,2021/11/20 6:50,35,49 00,49 28,49 55,26,22,46,45,82,44,43,82,19
2021/11/20 6:51,2021/11/20 6:52,44,50 08,50 39,51 54,26,23,46,45,82,46,45,82,19
2021/11/20 6:52,2021/11/20 6:57,311,50 44,52 03,52 38,26,23,46,45,83,44,43,83,18
2021/11/20 6:57,2021/11/20 6:58,43,52 08,52 46,57 49,26,23,46,45,85,43,43,84,19
2021/11/20 6:58,2021/11/20 6:58,36,52 51,57 58,58 32,26,23,46,45,82,45,45,82,19
2021/11/20 6:58,2021/11/20 6:59,37,58 03,58 41,59 08,27,23,46,45,83,43,43,84,18
2021/11/20 6:59,2021/11/20 7:00,41,58 46,59 17,59 45,25,22,46,45,84,43,44,83,19
2021/11/20 7:00,2021/11/20 7:00,35,59 22,59 53,00 26,26,22,46,45,83,44,45,83,18
2021/11/20 7:00,2021/11/20 7:01,42,59 58,00 35,01 01,26,22,46,45,84,43,44,82,19
2021/11/20 7:01,2021/11/20 7:02,36,00 40,01 09,01 43,26,22,46,45,83,45,45,84,19
2021/11/20 7:02,2021/11/20 7:02,33,01 14,01 51,02 19,26,23,46,45,83,43,43,82,18
2021/11/20 7:02,2021/11/20 7:03,39,01 56,02 28,02 52,27,23,46,45,83,43,43,83,18
2021/11/20 7:03,2021/11/20 7:03,40,02 32,03 01,03 31,26,22,46,45,83,44,44,83,19
2021/11/20 7:03,2021/11/20 7:04,32,03 06,03 39,04 11,26,22,46,45,84,43,43,84,18
2021/11/20 7:04,2021/11/20 7:05,38,03 44,04 20,04 43,25,22,46,45,84,43,43,84,18
2021/11/20 7:05,2021/11/20 7:05,39,04 24,04 52,05 21,25,22,46,45,83,44,44,84,19
2021/11/20 7:05,2021/11/20 7:06,43,04 57,05 30,06 00,25,23,46,45,83,45,45,83,18
2021/11/20 7:06,2021/11/20 7:07,35,05 35,06 08,06 43,26,22,46,45,83,43,44,81,18
2021/11/20 7:07,2021/11/20 7:07,36,06 13,06 52,07 18,25,22,46,45,84,43,43,84,19
2021/11/20 7:07,2021/11/20 7:08,46,06 57,07 26,07 55,26,23,46,45,83,44,44,83,19
2021/11/20 7:08,2021/11/20 7:09,38,07 31,08 03,08 40,26,22,46,45,84,43,44,83,18
2021/11/20 7:09,2021/11/20 7:09,35,08 08,08 49,09 18,26,23,46,45,84,44,44,83,18
2021/11/20 7:09,2021/11/20 7:10,38,08 54,09 26,09 53,26,23,46,45,81,44,43,83,18
2021/11/20 7:10,2021/11/20 7:10,35,09 31,10 01,10 31,25,22,46,45,84,43,44,84,18
2021/11/20 7:10,2021/11/20 7:11,36,10 06,10 39,11 07,27,23,46,45,84,42,44,83,19
2021/11/20 7:11,2021/11/20 7:12,34,10 44,11 15,11 42,26,22,46,45,84,43,44,83,18
2021/11/20 7:12,2021/11/20 7:12,41,11 20,11 50,12 17,26,22,46,45,83,45,44,82,18
2021/11/20 7:12,2021/11/20 7:13,35,11 55,12 25,12 57,27,22,46,45,83,43,43,83,18
2021/11/20 7:13,2021/11/20 7:14,47,12 30,13 06,13 32,26,22,46,45,85,42,44,84,18
2021/11/20 7:14,2021/11/20 7:14,34,13 11,13 41,14 19,26,23,46,45,84,43,43,84,18
2021/11/20 7:14,2021/11/20 7:15,38,13 45,14 27,14 53,26,24,46,45,84,43,43,84,19
2021/11/20 7:15,2021/11/20 7:15,35,14 32,15 02,15 31,26,22,46,45,83,44,44,83,19
2021/11/20 7:15,2021/11/20 7:16,38,15 06,15 40,16 06,26,22,46,45,84,43,43,84,19
2021/11/20 7:16,2021/11/20 7:17,39,15 44,16 15,16 44,25,22,46,45,82,45,46,82,18
2021/11/20 7:17,2021/11/20 7:17,38,16 20,16 53,17 23,26,23,46,45,83,47,44,82,19
2021/11/20 7:17,2021/11/20 7:18,34,16 58,17 32,18 01,26,22,46,45,84,44,44,83,19
2021/11/20 7:18,2021/11/20 7:18,37,17 37,18 09,18 35,26,23,46,45,82,45,45,82,19
2021/11/20 7:18,2021/11/20 7:19,35,18 14,18 44,19 12,26,23,46,45,83,44,43,83,19
2021/11/20 7:20,2021/11/20 7:20,36,19 26,19 56,20 25,26,22,46,45,82,44,44,82,19
2021/11/20 7:21,2021/11/20 7:22,86,20 39,21 09,21 40,26,22,46,45,84,43,44,82,19
2021/11/20 7:22,2021/11/20 7:23,36,21 14,21 48,23 06,26,23,46,45,82,44,44,82,18
2021/11/20 7:23,2021/11/20 7:24,37,21 53,23 14,23 42,26,22,46,45,85,42,42,84,18
2021/11/20 7:24,2021/11/20 7:24,37,23 19,23 50,24 19,26,22,46,45,83,43,44,83,19
2021/11/20 7:24,2021/11/20 7:25,44,23 55,24 28,24 56,26,22,46,45,83,44,44,83,18
2021/11/20 7:25,2021/11/20 7:26,47,24 33,25 05,25 40,26,22,46,45,82,44,44,83,18
2021/11/20 7:26,2021/11/20 7:26,38,25 10,25 48,26 27,26,22,46,45,83,44,44,83,18
2021/11/20 7:26,2021/11/20 7:27,55,25 53,26 36,27 05,26,23,46,45,84,44,43,84,19
2021/11/20 7:27,2021/11/20 7:28,33,26 41,27 13,28 00,26,22,46,45,82,45,45,82,18
2021/11/20 7:28,2021/11/20 7:28,27,27 18,28 09,28 33,25,22,46,45,83,44,45,83,19
2021/11/20 7:28,2021/11/20 7:29,43,28 13,28 42,29 00,26,22,46,45,82,45,44,82,18
2021/11/20 7:29,2021/11/20 7:30,38,28 47,29 09,29 43,25,22,46,45,82,43,43,82,19
2021/11/20 7:30,2021/11/20 7:30,32,29 12,29 51,30 21,25,21,46,45,83,44,43,83,4
2021/11/20 7:30,2021/11/20 7:47,1021,47 18,47 26,47 35,25,22,46,45,82,45,45,83,0
2021/11/20 7:47,2021/11/20 7:48,39,47 37,47 48,47 58,26,23,47,47,82,44,44,82,36
2021/11/20 7:48,2021/11/20 7:49,68,47 56,48 06,48 33,25,22,46,46,83,45,45,83,19
2021/11/20 7:49,2021/11/20 7:50,54,48 15,48 42,49 42,26,23,46,45,81,48,44,81,19
2021/11/20 7:50,2021/11/20 7:51,45,48 45,49 50,50 35,25,22,46,45,83,45,45,84,4
